cpuName,PassMark
1,AMD EPYC 9654,126045
2,AMD EPYC 9554P,109858
3,AMD EPYC 9474F,104894
4,Intel Xeon w9-3495X,98285
5,AMD Ryzen Threadripper PRO 5995WX,98225
6,AMD EPYC 9454P,96088
7,AMD EPYC 9654P,94295
8,AMD EPYC 7773X,91209
9,Intel Xeon Platinum 8470 @2.00GHz,89850
10,AMD EPYC 9534,88716
11,AMD EPYC 7763,86194
12,AMD EPYC 7J13,85683
13,AMD EPYC 7713,84208
14,AMD EPYC 7713P,83439
15,AMD Ryzen Threadripper PRO 3995WX,83349
16,AMD EPYC 7V13,82878
17,AMD Ryzen Threadripper 3990X,80952
18,AMD EPYC 9354P,78983
19,AMD EPYC 7B13,77460
20,AMD EPYC 7643,76455
21,AMD Ryzen Threadripper PRO 5975WX,75798
22,AMD EPYC 9334,75347
23,Intel Xeon Platinum 8461V,74982
24,AMD EPYC 7T83,74892
25,AMD EPYC 9274F,73784
26,AMD EPYC 7662,73321
27,AMD EPYC 7573X,70868
28,AMD EPYC 7702,70506
29,AMD EPYC 9254,70006
30,AMD EPYC 7H12,69633
31,Intel Xeon w7-3465X,68693
32,AMD EPYC 75F3,68505
33,AMD EPYC 7742,67625
34,Intel Xeon w9-3475X,67325
35,AMD Ryzen Threadripper PRO 5965WX,66613
36,AMD EPYC 7543P,66608
37,AMD EPYC 7R32,64727
38,AMD Ryzen 9 7950X,63354
39,AMD Ryzen Threadripper 3970X,63269
40,AMD Ryzen Threadripper PRO 3975WX,62838
41,AMD EPYC 7702P,62670
42,AMD Ryzen 9 7950X3D,62653
43,Intel Xeon Platinum 8380 @ 2.30GHz,62318
44,Intel Core i9-13900KS,61852
45,Intel Xeon w7-2495X,61656
46,AMD EPYC 74F3,60577
47,Intel Xeon Gold 6421N,60551
48,AMD EPYC 7642,60047
49,AMD EPYC 7513,59988
50,Intel Core i9-13900K,59722
51,Intel Core i9-14900KF,59384
52,AMD EPYC 7473X,59280
53,Intel Xeon W-3375 @ 2.50GHz,59069
54,Intel Xeon W-3365 @ 2.70GHz,59038
55,Intel Core i9-13900KF,58972
56,AMD EPYC 7443P,57642
57,Intel Xeon Gold 5420+,57593
58,Intel Xeon Gold 6448Y,57472
59,Intel Xeon Gold 6414U,57200
60,AMD EPYC 7542,56728
61,AMD Ryzen 9 7945HX,56643
62,AMD EPYC 7543,56562
63,Intel Xeon Platinum 8375C @ 2.90GHz,55705
64,AMD EPYC 9174F,55485
65,Intel Xeon w7-2475X,55163
66,AMD Ryzen Threadripper 3960X,54885
67,AMD EPYC 7443,54870
68,Intel Xeon Platinum 8358 @ 2.60GHz,54416
69,AMD EPYC 7532,53139
70,Intel Xeon Gold 6438N,52789
71,Intel Core i9-13900F,52639
72,Intel Xeon Gold 6348 @ 2.60GHz,52276
73,AMD Ryzen 9 7900X,52215
74,AMD EPYC 7552,51104
75,AMD Ryzen 9 7900X3D,50675
76,AMD EPYC 7453,50575
77,AMD EPYC 7413,50223
78,AMD EPYC 7502P,49887
79,AMD Ryzen Threadripper PRO 5955WX,49832
80,Intel Core i9-13900,49748
81,AMD Ryzen 9 PRO 7945,49660
82,Intel Xeon Platinum 8347C @ 2.10GHz,49386
83,AMD Ryzen 9 7900,49170
84,AMD EPYC 7K62,49104
85,AMD EPYC 7R12,48934
86,Apple M2 Ultra 24 Core,48576
87,AMD EPYC 7452,48379
88,Intel Xeon w5-2465X,48364
89,Intel Xeon W-3345 @ 3.00GHz,48261
90,Intel Core i9-13980HX,48251
91,Intel Xeon Gold 6314U @ 2.30GHz,48013
92,AMD EPYC 7402,47648
93,Intel Xeon Gold 6342 @ 2.80GHz,47320
94,Intel Core i7-13700K,46809
95,AMD Ryzen 9 7845HX,46791
96,Intel Xeon w5-3435X,46714
97,Intel Xeon Gold 6338N @ 2.20GHz,46583
98,Intel Core i7-13700KF,46557
99,ARM Neoverse-N1 128 Core 3000 MHz,46470
100,AMD EPYC 73F3,46085
101,Intel Core i7-13790F,46065
102,AMD Ryzen 9 5950X,45844
103,AMD EPYC 7502,45839
104,Intel Xeon Gold 6336Y @ 2.40GHz,45517
105,Intel Core i9-13950HX,45336
106,Intel Core i9-13900HX,44920
107,Intel Core i9-12900KS,44270
108,AMD EPYC 7343,44189
109,Intel Core i9-13900T,44112
110,Intel Core i9-13900E,43936
111,Intel Xeon Gold 6312U @ 2.40GHz,43710
112,AMD EPYC 9124,43453
113,Intel Xeon w7-3445,43341
114,ARM Neoverse-N1 128 Core 2800 MHz,43111
115,Intel Xeon Gold 6330 @ 2.00GHz,43056
116,AMD EPYC 7402P,42899
117,AMD EPYC 7D12,42885
118,AMD EPYC 7601,42244
119,AMD EPYC 7313P,42032
120,Intel Xeon W-3275 @ 2.50GHz,41554
121,Intel Core i9-12900K,41460
122,Intel Xeon Gold 6354 @ 3.00GHz,41445
123,Intel Core i9-12900KF,41247
124,AMD EPYC 7F52,41023
125,AMD EPYC 7352,40962
126,Apple M1 Ultra 20 Core,40908
127,Intel Xeon Platinum 8275CL @ 3.00GHz,40794
128,AMD Ryzen Threadripper PRO 5945WX,40682
129,AMD EPYC 7313,40605
130,AMD Ryzen Threadripper PRO 3955WX,40430
131,Intel Xeon W-3275M @ 2.50GHz,39979
132,Intel Core i7-13700F,39785
133,Intel Xeon w5-2455X,39596
134,AMD EPYC 7551P,39394
135,Intel Xeon W-3335 @ 3.40GHz,39293
136,AMD Ryzen 9 5900X,39258
137,Intel Core i7-13850HX,38955
138,AMD Ryzen 9 3950X,38920
139,Intel Core i7-13700,38521
140,Intel Core i5-13600K,38343
141,Intel Xeon Platinum 8180 @ 2.50GHz,38259
142,Intel Core i5-13600KF,38232
143,Intel Xeon w5-3425,38056
144,Intel Xeon Gold 6346 @ 3.10GHz,37722
145,Intel Xeon Gold 5320 @ 2.20GHz,37558
146,Intel Xeon Gold 6238R @ 2.20GHz,37511
147,Intel Xeon Silver 4316 @ 2.30GHz,37264
148,Intel Xeon W-3175X @ 3.10GHz,37167
149,Intel Core i9-12900F,37048
150,Intel Xeon Gold 5416S,36907
151,Intel Xeon Gold 6268CL @ 2.80GHz,36878
152,AMD Ryzen 7 7700X,36342
153,ARM Neoverse-N1 80 Core 3000 MHz,36328
154,Intel Xeon Gold 6248R @ 3.00GHz,35626
155,Intel Xeon Gold 6326 @ 2.90GHz,35224
156,AMD Ryzen 7 7700,35123
157,Intel Core i9-12900TE,35057
158,Intel Xeon Gold 6242R @ 3.10GHz,34963
159,Intel Core i9-12900HX,34925
160,Intel Core i7-12700K,34741
161,AMD Ryzen 9 PRO 5945,34730
162,AMD Ryzen 7 7800X3D,34669
163,AMD Ryzen 9 5900,34540
164,Intel Core i7-12700KF,34499
165,AMD Ryzen 7 PRO 7745,34492
166,Intel Core i7-13700HX,34348
167,Intel Core i9-12900,34324
168,Intel Xeon Gold 6230R @ 2.10GHz,34183
169,Intel Xeon Platinum 8260M @ 2.30GHz,33970
170,Intel Xeon Gold 6338 @ 2.00GHz,33814
171,Intel Xeon D-2799 @ 2.40GHz,33792
172,Intel Core i5-13600,33524
173,AMD Ryzen Threadripper PRO 3945WX,33515
174,Intel Xeon Gold 5220R @ 2.20GHz,33370
175,Intel Xeon Gold 6240R @ 2.40GHz,33353
176,Intel Xeon Gold 5318Y @ 2.10GHz,33283
177,Intel Core i9-12950HX,33023
178,Intel Xeon w5-2445,32963
179,AMD EPYC 7302,32930
180,AMD Ryzen 7 7745HX,32858
181,Intel Core i9-10980XE @ 3.00GHz,32851
182,Intel Xeon Gold 6278C @ 2.60GHz,32835
183,Intel Xeon Platinum 8280 @ 2.70GHz,32781
184,Intel Core i7-12800HX,32769
185,AMD Ryzen 9 3900XT,32758
186,AMD EPYC 7302P,32734
187,AMD Ryzen 9 3900X,32699
188,Intel Xeon Platinum 8168 @ 2.70GHz,32549
189,Intel Core i5-13500,32454
190,AMD Ryzen Threadripper 2990WX,32416
191,Intel Core i9-13900HK,32411
192,Intel Core i7-13650HX,32113
193,Intel Xeon W-3265M @ 2.70GHz,32025
194,Intel Core i9-9980XE @ 3.00GHz,31998
195,Intel Xeon Platinum 8173M @ 2.00GHz,31837
196,Intel Core i9-13905H,31827
197,Intel Xeon Platinum 8268 @ 2.90GHz,31632
198,AMD Ryzen 9 PRO 3900,31299
199,AMD Ryzen 9 7940H,31099
200,AMD EPYC 7371,31094
201,Intel Core i7-12700F,30990
202,Intel Core i7-12700,30969
203,AMD Ryzen 9 7940HS,30884
204,AMD Ryzen 9 3900,30833
205,Intel Xeon Platinum 8171M @ 2.60GHz,30632
206,AMD EPYC Embedded 7292P,30542
207,Intel Xeon W-2295 @ 3.00GHz,30508
208,Intel Xeon Gold 6246R @ 3.40GHz,30468
209,Intel Xeon Platinum 8259CL @ 2.50GHz,30463
210,Intel Core i9-7980XE @ 2.60GHz,30435
211,Intel Core i7-12850HX,30426
212,Intel Xeon W-3245 @ 3.20GHz,30371
213,Intel Core i9-9960X @ 3.10GHz,30244
214,Intel Core i5-13600HX,30169
215,Intel Core i9-9990XE @ 4.00GHz,30162
216,Intel Xeon W-3265 @ 2.70GHz,30105
217,Intel Core i9-12900T,30078
218,Intel Core i9-13900H,29945
219,AMD Ryzen Threadripper 2970WX,29851
220,Intel Core i7-12800HE,29805
221,Intel Xeon Gold 6248 @ 2.50GHz,29504
222,Intel Xeon Gold 6154 @ 3.00GHz,29488
223,AMD Ryzen Threadripper 2950X,29396
224,Intel Xeon Platinum 8260 @ 2.40GHz,29360
225,Intel Xeon Gold 6254 @ 3.10GHz,29356
226,Intel Core i7-12700E,29289
227,AMD EPYC 7282,29284
228,Intel Xeon W-3245M @ 3.20GHz,29277
229,Intel Core i7-13700T,29199
230,Intel Xeon Silver 4314 @ 2.40GHz,29163
231,AMD Ryzen 7 7840HS,29091
232,Intel Xeon Gold 6148 @ 2.40GHz,28993
233,Intel Xeon Gold 6210U @ 2.50GHz,28915
234,Intel Xeon Silver 4410T,28859
235,AMD Ryzen 5 7600X,28795
236,Intel Xeon W-2191B @ 2.30GHz,28765
237,Intel Core i9-7960X @ 2.80GHz,28660
238,Intel Core i9-12900H,28628
239,Intel Xeon Gold 6253CL @ 3.10GHz,28549
240,Intel Xeon D-2795NT @ 2.00GHz,28463
241,AMD Ryzen 7 7840H,28419
242,Intel Core i7-13700H,28418
243,Intel Core i5-13500HX,28402
244,AMD EPYC 7401P,28282
245,AMD Ryzen 7 5800X3D,28230
246,Intel Core i9-12900HK,28152
247,ARM Neoverse-N1 64 Core 0 MHz,28064
248,Intel Core i9-9940X @ 3.30GHz,28047
249,AMD Ryzen 7 5800X,28009
250,Intel Xeon Platinum 8160 @ 2.10GHz,27968
251,Intel Xeon W-2275 @ 3.30GHz,27952
252,AMD Ryzen 9 PRO 7940HS,27912
253,Intel Core i9-10940X @ 3.30GHz,27854
254,Intel Xeon W-2195 @ 2.30GHz,27842
255,Intel Core i5-12600K,27796
256,AMD Ryzen 5 PRO 7645,27734
257,Intel Core i5-13490F,27675
258,Intel Xeon Gold 6238 @ 2.10GHz,27617
259,AMD Ryzen Threadripper 2990X,27606
260,AMD Ryzen 5 7600,27604
261,AMD Ryzen Threadripper 1950X,27603
262,Intel Xeon Gold 6212U @ 2.40GHz,27470
263,Intel Core i5-12600KF,27463
264,Intel Core i7-13800H,27452
265,AMD EPYC 7571,27445
266,Intel Xeon Gold 5317 @ 3.00GHz,27402
267,Intel Xeon Platinum 8124M @ 3.00GHz,27336
268,AMD EPYC 72F3,27252
269,Intel Xeon D-2775TE @ 2.00GHz,27209
270,Intel Xeon w3-2435,27166
271,AMD Ryzen 7 7840S,27161
272,Intel Xeon Gold 6252 @ 2.10GHz,27148
273,Intel Xeon Gold 6142 @ 2.60GHz,27114
274,Intel Xeon Gold 6208U @ 2.90GHz,27085
275,Intel Xeon Gold 6230 @ 2.10GHz,27069
276,Intel Xeon Gold 6150 @ 2.70GHz,26905
277,Intel Core i5-13600T,26876
278,Intel Core i7-13620H,26834
279,AMD Ryzen 7 5700X,26782
280,Intel Xeon Platinum 8175M @ 2.50GHz,26659
281,Intel Core i7-13700TE,26616
282,AMD Ryzen 5 7500F,26526
283,Intel Core i5-13450HX,26517
284,Intel Core i7-12700H,26475
285,Apple M2 Pro 12 Core 3480 MHz,26364
286,Intel Core i9-10920X @ 3.50GHz,26357
287,Intel Xeon D-2796TE @ 2.00GHz,26342
288,Intel Xeon Gold 6242 @ 2.80GHz,26288
289,AMD Ryzen Z1 Extreme,26285
290,Apple M2 Max 12 Core 3680 MHz,26282
291,Intel Core i9-7940X @ 3.10GHz,26245
292,Intel Xeon Gold 6226R @ 2.90GHz,26240
293,AMD Ryzen 7 PRO 5845,26162
294,AMD Ryzen 7 PRO 7840U,26135
295,Intel Core i9-12900E,26055
296,Intel Xeon W-2265 @ 3.50GHz,26014
297,Intel Xeon Gold 5218R @ 2.10GHz,25916
298,Intel Xeon W-3323 @ 3.50GHz,25875
299,AMD Ryzen 7 5800,25870
300,Intel Xeon W-3235 @ 3.30GHz,25823
301,AMD EPYC 7351P,25706
302,Intel Xeon E5-2698R v4 @ 2.20GHz,25605
303,Intel Core i5-13400F,25575
304,AMD EPYC 7272,25568
305,Intel Xeon W-1390P @ 3.50GHz,25451
306,Intel Core i9-11900K @ 3.50GHz,25415
307,Intel Xeon Platinum 8167M @ 2.00GHz,25396
308,Intel Core i9-11900KF @ 3.50GHz,25372
309,Intel Core i5-13600H,25354
310,Intel Core i5-13400,25317
311,AMD Ryzen 7 7840U,25289
312,Intel Core i9-9920X @ 3.50GHz,25170
313,AMD Ryzen Threadripper 2920X,25051
314,AMD Ryzen 7 PRO 7840HS,24998
315,AMD EPYC 7501,24925
316,AMD Ryzen 9 6900HX,24921
317,Intel Core i7-12800H,24904
318,Intel Xeon E5-2699 v4 @ 2.20GHz,24834
319,Intel Xeon Gold 6246 @ 3.30GHz,24829
320,Intel Xeon Gold 6143 @ 2.80GHz,24786
321,Intel Xeon Gold 5415+,24765
322,Intel Xeon Gold 6152 @ 2.10GHz,24680
323,Intel Core i7-11700K @ 3.60GHz,24677
324,AMD Ryzen 7 5700G,24669
325,Intel Xeon E5-2696 v4 @ 2.20GHz,24618
326,Intel Core i5-12600HE,24599
327,Intel Xeon W-1370P @ 3.60GHz,24540
328,AMD Ryzen 7 PRO 5750G,24428
329,AMD Ryzen 7 7735H,24425
330,AMD Ryzen 7 5700,24350
331,AMD Ryzen 7 7735HS,24208
332,Intel Xeon Gold 5220 @ 2.20GHz,24154
333,Intel Xeon E5-2679 v4 @ 2.50GHz,24131
334,AMD Ryzen 5 7640HS,24085
335,Intel Xeon W-2170B @ 2.50GHz,24064
336,Intel Core i5-13500T,24060
337,Intel Core i7-11700KF @ 3.60GHz,24032
338,AMD Ryzen 9 6900HS,23980
339,Intel Core i5-12600HX,23908
340,Intel Xeon W-1370 @ 2.90GHz,23908
341,Intel Xeon W-1390 @ 2.80GHz,23902
342,Intel Xeon Gold 6122 @ 1.80GHz,23781
343,Intel Core i7-13705H,23753
344,AMD Ryzen 7 3800XT,23713
345,Intel Xeon Silver 4410Y,23713
346,Intel Xeon W-11865MRE @ 2.60GHz,23702
347,Intel Xeon E-2388G @ 3.20GHz,23694
348,AMD Ryzen 7 6800H,23690
349,AMD Ryzen 9 5980HX,23676
350,Intel Core i7-12650H,23627
351,Intel Core i9-7920X @ 2.90GHz,23570
352,AMD EPYC 7351,23566
353,Intel Xeon E5-2698 v4 @ 2.20GHz,23469
354,AMD Ryzen 9 PRO 6950HS,23361
355,AMD EPYC 7F32,23311
356,Intel Xeon Gold 6146 @ 3.20GHz,23296
357,Intel Xeon W-2175 @ 2.50GHz,23271
358,AMD Ryzen 7 3800X,23224
359,Intel Xeon Platinum 8176 @ 2.10GHz,23179
360,AMD Ryzen 7 7736U,23163
361,Intel Core i9-10900K @ 3.70GHz,23137
362,AMD Ryzen Threadripper 1920X,23063
363,Intel Core i9-11980HK @ 2.60GHz,23063
364,Intel Core i9-11900KB @ 3.30GHz,23031
365,Intel Core i9-11900 @ 2.50GHz,23029
366,Intel Xeon Gold 6140 @ 2.30GHz,23016
367,Intel Core i5-12600H,23012
368,Intel Xeon W-11955M @ 2.60GHz,22995
369,Intel Xeon E5-2696 v3 @ 2.30GHz,22988
370,AMD Ryzen 7 PRO 3700,22975
371,AMD Ryzen 7 6800HS,22964
372,AMD Ryzen 7 PRO 6850H,22945
373,Intel Core i7-11700B @ 3.20GHz,22910
374,Intel Core i9-10900KF @ 3.70GHz,22849
375,Intel Xeon W-1290P @ 3.70GHz,22812
376,Intel Xeon Silver 4310 @ 2.10GHz,22797
377,AMD Ryzen 9 5900HX,22775
378,Intel Core i5-13500H,22723
379,Intel Xeon Gold 6132 @ 2.60GHz,22696
380,Intel Core i9-11900F @ 2.50GHz,22677
381,Intel Xeon Platinum P-8124 @ 3.00GHz,22674
382,AMD Ryzen 7 6800HS Creator Edition,22649
383,AMD Ryzen 7 3700X,22628
384,Intel Core i9-10850K @ 3.60GHz,22597
385,Intel Xeon E5-2699A v4 @ 2.40GHz,22586
386,AMD Ryzen 9 PRO 6950H,22495
387,Intel Core i9-10900X @ 3.70GHz,22484
388,Intel Xeon E-2378G @ 2.80GHz,22467
389,AMD Ryzen 9 6900HS Creator Edition,22366
390,Intel Xeon E5-2699C v4 @ 2.20GHz,22308
391,Intel Xeon W-2255 @ 3.70GHz,22250
392,AMD Ryzen 7 5700GE,22196
393,Intel Xeon Gold 6334 @ 3.60GHz,22160
394,AMD Ryzen 9 5900HS Creator Edition,22138
395,Intel Core i7-1370P,22124
396,AMD Ryzen Threadripper 1920,22066
397,Apple M1 Max 10 Core 3200 MHz,22059
398,AMD Ryzen 7 PRO 6850HS,22044
399,AMD Ryzen 7 PRO 5750GE,22042
400,AMD Ryzen 5 5600X3D,22037
401,Intel Xeon Gold 5218 @ 2.30GHz,22022
402,AMD EPYC 7281,21981
403,AMD Ryzen 5 5600X,21934
404,AMD Ryzen 5 PRO 5645,21904
405,AMD Ryzen 9 5900HS,21888
406,Intel Core i9-9900X @ 3.50GHz,21872
407,Apple M1 Pro 10 Core 3200 MHz,21855
408,AMD Ryzen 5 7640U,21850
409,Intel Xeon Gold 6130T @ 2.10GHz,21804
410,Intel Core i9-10910 @ 3.60GHz,21717
411,Intel Core i5-12500H,21656
412,Apple M2 Pro 10 Core 3480 MHz,21630
413,Intel Xeon E7-8891 v3 @ 2.80GHz,21615
414,AMD Ryzen 5 5600,21615
415,AMD EPYC 7551,21600
416,Intel Core i7-12700T,21589
417,Intel Xeon E5-2673 v4 @ 2.30GHz,21576
418,Intel Xeon E5-2697A v4 @ 2.60GHz,21575
419,Intel Core i9-11950H @ 2.60GHz,21458
420,Intel Xeon Gold 5218T @ 2.10GHz,21433
421,Intel Core i5-1350P,21417
422,Intel Xeon Gold 6136 @ 3.00GHz,21413
423,Intel Core i5-12600,21398
424,Intel Xeon E5-2686 v4 @ 2.30GHz,21391
425,Intel Core i9-7900X @ 3.30GHz,21248
426,AMD Ryzen 9 5980HS,21232
427,AMD Ryzen 7 7735U,21214
428,AMD Ryzen 7 5800H,21185
429,AMD Ryzen 7 5800HS Creator Edition,21166
430,Intel Core i7-11700F @ 2.50GHz,21135
431,Intel Xeon Gold 6138 @ 2.00GHz,21051
432,Intel Core i7-7900X @ 3.30GHz,21008
433,Intel Core i9-11900H @ 2.50GHz,21007
434,Intel Xeon W-2155 @ 3.30GHz,21006
435,Intel Xeon Silver 4310T @ 2.30GHz,20973
436,AMD Ryzen 9 5900H,20960
437,AMD Ryzen 7 PRO 6850U,20921
438,Intel Xeon Gold 6250 @ 3.90GHz,20915
439,AMD Ryzen 7 PRO 6860Z,20895
440,Intel Xeon Gold 6130 @ 2.10GHz,20880
441,AMD Ryzen 7 PRO 4700G,20848
442,Intel Xeon E5-2697R v4 @ 2.30GHz,20843
443,Intel Core i7-11850H @ 2.50GHz,20806
444,Intel Core i7-11800H @ 2.30GHz,20806
445,AMD EPYC 7262,20795
446,Intel Xeon Gold 5315Y @ 3.20GHz,20724
447,Intel Core i5-12500E,20699
448,Intel Core i5-1340P,20655
449,Intel Core i5-12490F,20650
450,Intel Xeon Gold 6138T @ 2.00GHz,20649
451,Intel Core i5-1250P,20642
452,Intel Xeon Silver 4216 @ 2.10GHz,20613
453,AMD Ryzen 7 6800U,20590
454,AMD Ryzen 7 PRO 4750G,20548
455,AMD EPYC 7451,20471
456,AMD Ryzen 7 PRO 7730U,20468
457,Intel Xeon W-2150B @ 3.00GHz,20453
458,AMD Ryzen 7 5800HS,20436
459,Intel Xeon E5-2697 v4 @ 2.30GHz,20430
460,Intel Core i7-1280P,20407
461,Intel Xeon E5-2699 v3 @ 2.30GHz,20345
462,Intel Xeon E5-4667 v4 @ 2.20GHz,20319
463,Intel Core i9-10900F @ 2.80GHz,20317
464,AMD Ryzen 7 4700G,20210
465,Intel Xeon W-1290 @ 3.20GHz,20157
466,Intel Core i9-10900 @ 2.80GHz,20065
467,Intel Core i7-11700 @ 2.50GHz,20018
468,Intel Core i5-12500,20009
469,Intel Xeon Gold 6144 @ 3.50GHz,19993
470,Intel Xeon E5-2695 v4 @ 2.10GHz,19947
471,AMD Ryzen 5 5600G,19920
472,AMD Ryzen 5 PRO 6650H,19907
473,Intel Core i9-9820X @ 3.30GHz,19906
474,AMD Ryzen 7 4700GE,19898
475,AMD Ryzen 5 PRO 5650G,19888
476,Intel Xeon W-1350P @ 4.00GHz,19853
477,Intel Xeon E5-2690 v4 @ 2.60GHz,19840
478,Intel Xeon D-1747NTE @ 2.50GHz,19822
479,Intel Xeon Gold 6226 @ 2.70GHz,19810
480,Intel Core i5-13400T,19805
481,Intel Xeon E5-2682 v4 @ 2.50GHz,19702
482,Intel Core i5-11600K @ 3.90GHz,19701
483,Intel Core i5-11600KF @ 3.90GHz,19700
484,Intel Core i5-12400F,19623
485,Intel Xeon E-2386G @ 3.50GHz,19595
486,Intel Core i9-10900E @ 2.80GHz,19562
487,Intel Core i7-1360P,19559
488,AMD Ryzen 5 5500,19556
489,Intel Core i9-9900KS @ 4.00GHz,19546
490,AMD EPYC 3451,19532
491,Intel Xeon W-2245 @ 3.90GHz,19493
492,Intel Core i5-12400,19477
493,AMD EPYC 7252,19411
494,Intel Xeon Gold 6137 @ 3.90GHz,19365
495,AMD Ryzen 9 4900H,19314
496,Intel Xeon Silver 4309Y @ 2.80GHz,19227
497,Intel Xeon Gold 6126 @ 2.60GHz,19223
498,Intel Core i7-1270PE,19194
499,Intel Xeon E-2356G @ 3.20GHz,19184
500,AMD Ryzen 9 4900HS,19128
501,Intel Xeon D-2752TER @ 1.80GHz,19102
502,AMD Ryzen 5 7540U,19093
503,AMD Ryzen 5 6600H,19036
504,Intel Xeon W-1350 @ 3.30GHz,19015
505,Intel Core i5-13420H,18985
506,Intel Xeon Gold 6244 @ 3.60GHz,18980
507,Intel Xeon E5-2676 v4 @ 2.40GHz,18978
508,Intel Core i7-10700K @ 3.80GHz,18959
509,Intel Xeon E5-2697 v3 @ 2.60GHz,18917
510,Intel Core i9-11900T @ 1.50GHz,18879
511,AMD Ryzen 7 7730U,18862
512,Intel Xeon E5-2698 v3 @ 2.30GHz,18853
513,Hygon C86 7255 16-core,18831
514,ARM Neoverse-N1 80 Core 2600 MHz,18823
515,Intel Core i7-10700KF @ 3.80GHz,18794
516,Intel Xeon W-1290E @ 3.50GHz,18786
517,AMD Ryzen 5 5600GE,18748
518,AMD Ryzen 5 6600HS Creator Edition,18726
519,AMD Ryzen 5 3600XT,18695
520,AMD Ryzen 7 4800H,18694
521,AMD Ryzen 7 5800U,18669
522,ARM Neoverse-N1 64 Core 2200 MHz,18652
523,Intel Xeon W-1270E @ 3.40GHz,18635
524,AMD Ryzen 5 7535HS,18597
525,AMD Ryzen 7 4800HS,18566
526,Intel Xeon W-1270P @ 3.80GHz,18553
527,Intel Xeon w3-2425,18504
528,AMD Ryzen 5 PRO 5650GE,18473
529,AMD Ryzen 7 PRO 4750GE,18448
530,AMD Ryzen 7 5825U,18427
531,Intel Core i9-9900K @ 3.60GHz,18418
532,Intel Core i9-9900KF @ 3.60GHz,18414
533,Intel Xeon W-1290T @ 1.90GHz,18409
534,Intel Xeon D-2183IT @ 2.20GHz,18385
535,AMD Ryzen Embedded V3C48,18361
536,Intel Xeon Silver 4214R @ 2.40GHz,18324
537,Intel Xeon W-11855M @ 3.20GHz,18264
538,Intel Xeon E7-8880 v3 @ 2.30GHz,18244
539,AMD Ryzen 5 3600X,18241
540,Intel Xeon E5-2687W v4 @ 3.00GHz,18208
541,Intel Core i7-9800X @ 3.80GHz,18154
542,Intel Xeon E5-2686 v3 @ 2.00GHz,18148
543,Intel Xeon Gold 5120T @ 2.20GHz,18127
544,Intel Xeon W-2145 @ 3.70GHz,18123
545,Intel Core i5-11600 @ 2.80GHz,18092
546,Intel Xeon D-2187NT @ 2.00GHz,18070
547,AMD 4700S,18063
548,Intel Core i5-12450H,17950
549,Intel Xeon E5-2680 v4 @ 2.40GHz,17919
550,AMD Ryzen 5 PRO 7540U,17915
551,Intel Xeon D-1736NT @ 2.70GHz,17826
552,Intel Xeon W-1270 @ 3.40GHz,17820
553,Intel Core i5-1335U,17808
554,Intel Core i5-11500B @ 3.30GHz,17801
555,AMD Ryzen 5 3600,17784
556,Intel Xeon Gold 6234 @ 3.30GHz,17752
557,Intel Core i5-1250PE,17738
558,AMD Ryzen 5 PRO 3600,17725
559,Intel Xeon E5-2683 v4 @ 2.10GHz,17714
560,Intel Xeon Gold 5120 @ 2.20GHz,17686
561,AMD Ryzen 7 2700X,17567
562,Intel Core i7-1270P,17553
563,Intel Core i5-12600T,17547
564,AMD Ryzen 5 7535U,17494
565,Intel Core i7-6950X @ 3.00GHz,17493
566,Intel Xeon W-11555MRE @ 2.60GHz,17484
567,AMD Ryzen 7 4980U Microsoft Surface Edition,17469
568,Intel Core i5-11500 @ 2.70GHz,17459
569,Intel Xeon E5-4669 v3 @ 2.10GHz,17430
570,Intel Core i5-1240P,17382
571,Intel Xeon E-2288G @ 3.70GHz,17358
572,Intel Xeon W-3223 @ 3.50GHz,17355
573,Intel Xeon W-2140B @ 3.20GHz,17298
574,AMD Ryzen 7 PRO 5850U,17282
575,Intel Core i7-1260P,17266
576,Intel Core i7-7820X @ 3.60GHz,17234
577,Intel Xeon E-2378 @ 2.60GHz,17215
578,AMD Ryzen 5 6600U,17185
579,AMD Ryzen 5 4400G,17160
580,Apple M1 Pro 8 Core 3200 MHz,17146
581,Intel Core i5-11400F @ 2.60GHz,17136
582,AMD Ryzen 5 5600H,17115
583,Intel Core i5-11400 @ 2.60GHz,17101
584,Intel Xeon E5-2689 v4 @ 3.10GHz,17040
585,AMD EPYC 7232P,17017
586,AMD Ryzen Threadripper 1900X,17014
587,Intel Xeon E-2278G @ 3.40GHz,16964
588,Intel Core i9-10900TE @ 1.80GHz,16914
589,AMD Ryzen 7 Extreme Edition,16903
590,AMD Ryzen 7 4800U,16888
591,Intel Xeon E5-2680R v4 @ 2.40GHz,16865
592,AMD Ryzen 7 PRO 2700X,16846
593,AMD Ryzen 5 PRO 6650U,16790
594,Intel Core i5-12500T,16772
595,Intel Xeon E5-2695 v3 @ 2.30GHz,16734
596,AMD Ryzen Embedded V2748,16706
597,Intel Core i9-9900 @ 3.10GHz,16679
598,Intel Core i7-10700F @ 2.90GHz,16667
599,Intel Xeon Gold 6134 @ 3.20GHz,16651
600,Intel Xeon E-2336 @ 2.90GHz,16640
601,Intel Xeon E5-2698B v3 @ 2.00GHz,16633
602,Intel Xeon Gold 5118 @ 2.30GHz,16618
603,Intel Core i7-10700 @ 2.90GHz,16581
604,AMD Ryzen 7 PRO 5875U,16539
605,Intel Xeon E5-2690 v3 @ 2.60GHz,16507
606,Intel Xeon w3-2423,16457
607,Intel Core i5-12500TE,16456
608,Intel Xeon Silver 4214Y @ 2.20GHz,16442
609,Intel Core i7-10700E @ 2.90GHz,16418
610,AMD Ryzen 7 1800X,16417
611,Intel Core i7-11850HE @ 2.60GHz,16409
612,Intel Core i5-12400T,16380
613,AMD Ryzen 5 PRO 4400G,16354
614,Intel Core i7-10700TE @ 2.00GHz,16332
615,Intel Core i7-11700T @ 1.40GHz,16284
616,AMD Ryzen Embedded V2718,16281
617,AMD Ryzen 5 PRO 4650G,16268
618,AMD Ryzen 5 PRO 7530U,16228
619,AMD Ryzen 5 4500,16218
620,Intel Xeon D-2733NT @ 2.10GHz,16206
621,Intel Xeon Silver 4214 @ 2.20GHz,16190
622,Intel Core i5-11500H @ 2.90GHz,16150
623,AMD Ryzen 5 7530U,16117
624,Intel Xeon E5-2669 v3 @ 2.30GHz,16107
625,AMD Ryzen 5 4600G,16027
626,Intel Xeon E5-2660 v4 @ 2.00GHz,16005
627,Intel Core i7-11600H @ 2.90GHz,15992
628,Intel Xeon W-11865MLE @ 1.50GHz,15958
629,AMD Ryzen 7 4850U Mobile,15920
630,Intel Xeon E-2278GE @ 3.30GHz,15895
631,Intel Core i5-11260H @ 2.60GHz,15848
632,Intel Core i5-11400H @ 2.70GHz,15840
633,AMD Ryzen 7 5700U,15836
634,Intel Xeon Gold 5117 @ 2.00GHz,15816
635,Intel Core i9-10980HK @ 2.40GHz,15790
636,AMD Ryzen 7 2700,15737
637,AMD Ryzen 7 PRO 1700X,15698
638,Intel Core i7-1365U,15675
639,AMD Ryzen 7 1700X,15659
640,AMD Ryzen 5 4600GE,15641
641,Intel Xeon Gold 5215 @ 2.50GHz,15624
642,Intel Core i7-12700TE,15616
643,AMD Ryzen 5 PRO 4650GE,15615
644,Intel Xeon W-10885M @ 2.40GHz,15601
645,AMD Ryzen Embedded V3C18I,15541
646,Intel Xeon D-1726 @ 2.90GHz,15511
647,Apple M2 8 Core 3500 MHz,15470
648,AMD Ryzen 5 5600U,15464
649,Intel Xeon Gold 5217 @ 3.00GHz,15429
650,Intel Core i5-1345U,15409
651,Intel Xeon E5-4667 v3 @ 2.00GHz,15397
652,Intel Xeon E5-4660 v4 @ 2.20GHz,15375
653,AMD Ryzen 7 PRO 2700,15370
654,Intel Core i7-1355U,15357
655,Intel Xeon E5-2680 v3 @ 2.50GHz,15284
656,AMD Ryzen 5 PRO 4655G,15276
657,Intel Core i9-10885H @ 2.40GHz,15260
658,AMD Ryzen 7 PRO 4750U,15231
659,Intel Xeon Silver 4116T @ 2.10GHz,15187
660,Intel Xeon Silver 4210R @ 2.40GHz,15149
661,Intel Xeon Silver 4116 @ 2.10GHz,15146
662,AMD Ryzen 5 5625U,15138
663,Intel Xeon E-2286M @ 2.40GHz,15117
664,Intel Core i7-10875H @ 2.30GHz,15106
665,Intel Xeon D-2166NT @ 2.00GHz,15105
666,AMD Ryzen 5 5560U,15063
667,Intel Xeon Silver 4215R @ 3.20GHz,15056
668,AMD EPYC 7301,14991
669,AMD Ryzen 5 PRO 5650U,14985
670,Intel Core i9-10900T @ 1.90GHz,14951
671,AMD EPYC 7251,14935
672,Intel Xeon E5-2658A v3 @ 2.20GHz,14879
673,Intel Xeon D-1733NT @ 2.00GHz,14849
674,Intel Xeon E5-2683 v3 @ 2.00GHz,14830
675,AMD Ryzen 7 1700,14821
676,Intel Xeon E5-1681 v3 @ 2.90GHz,14820
677,AMD Ryzen 5 PRO 4400GE,14795
678,Intel Core i3-13100,14764
679,Intel Core i9-10880H @ 2.30GHz,14736
680,Intel Xeon E5-2678 v3 @ 2.50GHz,14732
681,Intel Core i3-13100F,14716
682,Intel Core i5-11600T @ 1.70GHz,14713
683,Intel Core i3-12300,14706
684,Intel Xeon E5-2687W v3 @ 3.10GHz,14676
685,AMD Ryzen 7 2700E,14657
686,Intel Xeon Gold 5115 @ 2.40GHz,14649
687,Intel Core i7-10870H @ 2.20GHz,14637
688,AMD Ryzen 5 4600H,14560
689,Intel Core i7-6900K @ 3.20GHz,14531
690,Intel Core i7-9700K @ 3.60GHz,14522
691,AMD Ryzen 7 PRO 1700,14481
692,Intel Xeon W-1250P @ 4.10GHz,14440
693,Intel Xeon Silver 4215 @ 2.50GHz,14439
694,Intel Xeon E5-2658 v4 @ 2.30GHz,14434
695,Intel Core i3-1220P,14432
696,Intel Xeon Silver 4123 @ 3.00GHz,14405
697,Intel Xeon W-2135 @ 3.70GHz,14389
698,Intel Core i7-9700KF @ 3.60GHz,14385
699,Intel Core i5-10600KF @ 4.10GHz,14384
700,Intel Xeon W-2235 @ 3.80GHz,14381
701,Intel Core i5-10600K @ 4.10GHz,14379
702,AMD Ryzen 5 4600HS,14377
703,AMD Ryzen 5 PRO 5675U,14375
704,Intel Core i7-8086K @ 4.00GHz,14368
705,Intel Xeon E5-2666 v3 @ 2.90GHz,14355
706,Intel Core i5-1240U,14323
707,Intel Xeon E5-2673 v3 @ 2.40GHz,14304
708,Intel Core i9-9980HK @ 2.40GHz,14304
709,Intel Xeon E5-2697 v2 @ 2.70GHz,14291
710,Intel Xeon E5-4660 v3 @ 2.10GHz,14256
711,Intel Xeon D-1732TE @ 1.90GHz,14254
712,Intel Xeon E-2236 @ 3.40GHz,14251
713,Intel Core i3-12100E,14250
714,Apple M1 8 Core 3200 MHz,14249
715,Intel Core i3-12100F,14231
716,Intel Xeon E5-2696 v2 @ 2.50GHz,14180
717,Intel Xeon E5-2676 v3 @ 2.40GHz,14007
718,Intel Core i7-1265U,13998
719,AMD Ryzen 5 2600X,13964
720,Intel Xeon E-2186G @ 3.80GHz,13955
721,Intel Xeon E-2286G @ 4.00GHz,13938
722,Intel Xeon E5-1680 v4 @ 3.40GHz,13910
723,Intel Xeon Silver 4210 @ 2.20GHz,13908
724,Intel Xeon E5-2667 v4 @ 3.20GHz,13906
725,Intel Xeon W-1250E @ 3.50GHz,13888
726,Intel Xeon E5-2650 v4 @ 2.20GHz,13870
727,Intel Core i9-9880H @ 2.30GHz,13869
728,AMD EPYC 3251,13862
729,Intel Xeon E-2374G @ 3.70GHz,13860
730,Intel Xeon E-2246G @ 3.60GHz,13850
731,Intel Core i7-1255U,13833
732,Intel Xeon E5-2670 v3 @ 2.30GHz,13812
733,Intel Xeon E-2276G @ 3.80GHz,13803
734,AMD Ryzen 3 PRO 5350G,13782
735,Intel Core i5-10600 @ 3.30GHz,13744
736,Intel Core i7-8700K @ 3.70GHz,13714
737,Intel Core i5-11400T @ 1.30GHz,13685
738,Intel Xeon W-1250 @ 3.30GHz,13646
739,Intel Core i5-1235U,13645
740,Intel Xeon Gold 6128 @ 3.40GHz,13605
741,Intel Core i5-1245U,13591
742,Intel Xeon E-2176G @ 3.70GHz,13586
743,Intel Xeon W-1270TE @ 2.00GHz,13553
744,Intel Xeon E5-1660 v4 @ 3.20GHz,13520
745,Intel Core i3-12100,13516
746,Intel Xeon E5-2690 v2 @ 3.00GHz,13502
747,Intel Xeon E5-2658 v3 @ 2.20GHz,13487
748,AMD Ryzen 7 4700U,13481
749,AMD Ryzen 5 PRO 2600,13480
750,AMD Ryzen 3 PRO 5350GE,13460
751,Intel Xeon E-2136 @ 3.30GHz,13449
752,AMD Ryzen 5 4600U,13449
753,Intel Core i9-9900T @ 2.10GHz,13339
754,AMD Ryzen 3 5300GE,13321
755,Intel Core i7-9700F @ 3.00GHz,13291
756,Intel Core i7-9700 @ 3.00GHz,13284
757,Intel Xeon D-1581 @ 1.80GHz,13282
758,Intel Xeon E-2146G @ 3.50GHz,13260
759,Intel Core i3-12300T,13239
760,Intel Xeon E5-2695 v2 @ 2.40GHz,13230
761,AMD Ryzen Embedded V2516,13225
762,AMD Ryzen 5 2600,13219
763,AMD Ryzen 5 3500X,13209
764,Intel Xeon E5-2660 v3 @ 2.60GHz,13189
765,Intel Xeon E-2334 @ 3.40GHz,13189
766,Intel Core i3-13100T,13187
767,Intel Xeon E5-2675 v3 @ 1.80GHz,13180
768,AMD Ryzen 5 5500U,13175
769,AMD Ryzen 5 PRO 4655GE,13163
770,Intel Core i5-11500T @ 1.50GHz,13097
771,Intel Xeon E5-1680 v3 @ 3.20GHz,13086
772,AMD Ryzen 5 1600X,13071
773,Intel Xeon D-1587 @ 1.70GHz,13019
774,Intel Xeon Silver 4114 @ 2.20GHz,12988
775,Intel Xeon E5-4627 v4 @ 2.60GHz,12969
776,Intel Core i3-12100TE,12961
777,Intel Xeon E5-2685 v3 @ 2.60GHz,12944
778,Intel Core i7-8700 @ 3.20GHz,12916
779,AMD Ryzen 3 5300G,12891
780,Intel Core i7-9700E @ 2.60GHz,12881
781,Intel Xeon W-10855M @ 2.80GHz,12881
782,Intel Core i7-10700T @ 2.00GHz,12865
783,AMD Ryzen 3 PRO 7330U,12846
784,Intel Core i7-7800X @ 3.50GHz,12825
785,AMD Ryzen 5 3500,12817
786,Intel Core i5-10500 @ 3.10GHz,12801
787,Intel Core i3-12100T,12785
788,AMD Ryzen 5 PRO 4650U,12734
789,Intel Core i7-1260U,12698
790,Intel Xeon E5-1680 v2 @ 3.00GHz,12691
791,Intel Core i7-5960X @ 3.00GHz,12677
792,AMD Ryzen 3 3300X,12677
793,Intel Xeon E5-2650L v4 @ 1.70GHz,12646
794,Intel Xeon W-2133 @ 3.60GHz,12641
795,Intel Xeon E5-2680 v2 @ 2.80GHz,12612
796,Intel Xeon E5-1660 v3 @ 3.00GHz,12591
797,Intel Xeon W-11555MLE @ 1.90GHz,12591
798,Intel Xeon E5-2667 v3 @ 3.20GHz,12552
799,Intel Core i3-1315U,12516
800,Intel Xeon D-2143IT @ 2.20GHz,12461
801,Intel Core i7-1250U,12436
802,Intel Xeon E5-2618L v4 @ 2.20GHz,12406
803,Intel Xeon E5-2649 v3 @ 2.30GHz,12399
804,AMD Ryzen 5 1600,12300
805,Intel Xeon E5-2667 v2 @ 3.30GHz,12278
806,Intel Core i5-10400F @ 2.90GHz,12252
807,Intel Xeon E5-2640 v4 @ 2.40GHz,12201
808,Intel Core i5-10400 @ 2.90GHz,12199
809,Intel Xeon E5-2687W v2 @ 3.40GHz,12184
810,Intel Core i5-10505 @ 3.20GHz,12181
811,Intel Xeon E5-2673 v2 @ 3.30GHz,12128
812,Intel Xeon E5-2692 v2 @ 2.20GHz,12119
813,Intel Xeon D-2141I @ 2.20GHz,12117
814,AMD Ryzen 5 PRO 4500U,12117
815,Apple A17 Pro,12086
816,Intel Core i7-8700B @ 3.20GHz,12059
817,Intel Core i7-10750H @ 2.60GHz,12044
818,Intel Xeon E-2278GEL @ 2.00GHz,12024
819,Intel Core i7-11375H @ 3.30GHz,12000
820,Intel Xeon E5-2650 v3 @ 2.30GHz,11996
821,Intel Xeon E5-2650L v3 @ 1.80GHz,11926
822,Intel Core i7-10850H @ 2.70GHz,11889
823,ARM Neoverse-N1 32 Core 1700 MHz,11820
824,Snapdragon 8cx Gen 3 @ 3.0 GHz,11803
825,Intel Xeon E-2276M @ 2.80GHz,11789
826,Intel Core i7-11370H @ 3.30GHz,11783
827,Intel Xeon E5-2663 v3 @ 2.80GHz,11777
828,ARM Neoverse-N1 80 Core 2800 MHz,11755
829,Intel CC150 @ 3.50GHz,11745
830,Intel Xeon D-2146NT @ 2.30GHz,11736
831,Intel Xeon E5-2630 v4 @ 2.20GHz,11730
832,Intel Core i3-13100E,11650
833,Intel Xeon D-1577 @ 1.30GHz,11645
834,AMD Ryzen 3 3100,11633
835,Intel Xeon E5-4657L v2 @ 2.40GHz,11613
836,AMD Ryzen 3 5425U,11558
837,Intel Xeon E5-2648L v4 @ 1.80GHz,11547
838,Intel Xeon E-2186M @ 2.90GHz,11523
839,Intel Xeon E5-4669 v4 @ 2.20GHz,11523
840,AMD Ryzen 3 5400U,11522
841,Intel Xeon E5-1650 v4 @ 3.60GHz,11462
842,Intel Core i7-6850K @ 3.60GHz,11432
843,Intel Xeon E5-2670 v2 @ 2.50GHz,11359
844,Intel Core i3-11100B @ 3.60GHz,11357
845,Intel Core i5-10500H @ 2.50GHz,11346
846,Intel Xeon E5-4627 v3 @ 2.60GHz,11344
847,AMD Ryzen 3 PRO 4200G,11315
848,Intel Core i3-11100HE @ 2.40GHz,11289
849,AMD Ryzen 3 PRO 5475U,11272
850,Intel Core i7-9850H @ 2.60GHz,11245
851,AMD Ryzen 3 4300GE,11225
852,Intel Core i5-10600T @ 2.40GHz,11210
853,Intel Xeon E5-2640 v3 @ 2.60GHz,11186
854,Intel Xeon Silver 4208 @ 2.10GHz,11136
855,Apple A16 Bionic,11132
856,Intel Xeon E5-2643 v4 @ 3.40GHz,11123
857,Intel Core i3-1215U,11112
858,AMD Ryzen 3 PRO 5450U,11109
859,AMD Ryzen 3 7330U,11103
860,Intel Core i7-1195G7 @ 2.90GHz,11088
861,Intel Core i3-1210U,11087
862,Intel Xeon Silver 4209T @ 2.20GHz,11080
863,Intel Xeon E5-2628L v4 @ 1.90GHz,11079
864,Intel Xeon E-2226G @ 3.40GHz,11073
865,Intel Xeon E5-4650 v2 @ 2.40GHz,11064
866,AMD Ryzen 3 4100,11049
867,AMD Ryzen 5 4500U,11016
868,Intel Core i5-11300H @ 3.10GHz,11005
869,AMD Ryzen 3 PRO 4350GE,10984
870,Intel Core i7-9750H @ 2.60GHz,10975
871,AMD Ryzen 3 PRO 4350G,10968
872,Apple A12X Bionic,10959
873,Intel Core i5-11320H @ 3.20GHz,10945
874,AMD Ryzen 3 PRO 4200GE,10930
875,AMD Ryzen 3 4300G,10922
876,Intel Xeon E5-2618L v3 @ 2.30GHz,10881
877,Intel Core i5-1230U,10861
878,AMD Ryzen 5 PRO 1600,10861
879,Intel Xeon E5-4650 v3 @ 2.10GHz,10838
880,Intel Xeon E-2176M @ 2.70GHz,10829
881,Intel Core i5-10500E @ 3.10GHz,10827
882,Intel Core i5-9600KF @ 3.70GHz,10772
883,Intel Core i7-6800K @ 3.40GHz,10767
884,Intel Core i7-9700T @ 2.00GHz,10739
885,Intel Core i5-9600K @ 3.70GHz,10738
886,Intel Xeon E-2126G @ 3.30GHz,10715
887,Intel Core i7-9750HF @ 2.60GHz,10701
888,Intel Xeon W-2225 @ 4.10GHz,10635
889,Intel Core i9-8950HK @ 2.90GHz,10607
890,Intel Core i7-1185G7 @ 3.00GHz,10572
891,Intel Xeon E5-2660 v2 @ 2.20GHz,10568
892,Intel Xeon E5-2658 v2 @ 2.40GHz,10559
893,AMD Ryzen 3 PRO 4355GE,10559
894,Intel Xeon E5-2470 v2 @ 2.40GHz,10538
895,Intel Xeon E5-4620 v3 @ 2.00GHz,10525
896,Intel Xeon E5-2630L v4 @ 1.80GHz,10491
897,Intel Xeon D-1567 @ 2.10GHz,10447
898,Intel Core i7-1185G7E @ 2.80GHz,10444
899,Intel Xeon E5-2643 v3 @ 3.40GHz,10437
900,Intel Xeon E5-1650 v3 @ 3.50GHz,10404
901,Intel Core i7-11390H @ 3.40GHz,10392
902,Intel Xeon E5-2630 v3 @ 2.40GHz,10374
903,Intel Xeon E5-4640 v3 @ 1.90GHz,10372
904,Intel Core i7-1165G7 @ 2.80GHz,10370
905,Intel Core i5-1334U,10366
906,Intel Core i3-10325 @ 3.90GHz,10354
907,Intel Core i5-1155G7 @ 2.50GHz,10349
908,Intel Xeon Silver 4109T @ 2.00GHz,10348
909,Intel Core i7-5930K @ 3.50GHz,10339
910,Intel Xeon E5-1660 v2 @ 3.70GHz,10339
911,Intel Core i5-9600 @ 3.10GHz,10306
912,Intel Core i7-8850H @ 2.60GHz,10291
913,Intel Core i7-9700TE @ 1.80GHz,10280
914,Intel Core i7-8700T @ 2.40GHz,10257
915,Intel Core i5-8600K @ 3.60GHz,10231
916,Intel Core i5-9500F @ 3.00GHz,10212
917,Intel Xeon D-1541 @ 2.10GHz,10191
918,Intel Core i3-N305,10129
919,Intel Core i5-10500T @ 2.30GHz,10099
920,Intel Xeon Silver 4110 @ 2.10GHz,10098
921,AMD Ryzen 3 PRO 4450U,10091
922,Intel Core i7-4960X @ 3.60GHz,10089
923,Intel Core i3-10320 @ 3.80GHz,10063
924,Intel Xeon D-1540 @ 2.00GHz,10061
925,Intel Xeon W-2125 @ 4.00GHz,10020
926,Intel Xeon E5-2687W @ 3.10GHz,9997
927,Intel Core i5-1145G7 @ 2.60GHz,9962
928,Intel Core i5-8600 @ 3.10GHz,9962
929,Intel Core i7-8750H @ 2.20GHz,9961
930,Intel Xeon E-2234 @ 3.60GHz,9961
931,Intel Xeon E5-2628L v3 @ 2.00GHz,9949
932,Intel Core i5-10400T @ 2.00GHz,9944
933,Intel Xeon E5-2650 v2 @ 2.60GHz,9940
934,Intel Core i5-1135G7 @ 2.40GHz,9915
935,Intel Core i7-7740X @ 4.30GHz,9876
936,Apple A15 Bionic,9869
937,Intel Core i7-5820K @ 3.30GHz,9867
938,Intel Xeon E5-2648L v3 @ 1.80GHz,9847
939,Intel Core i5-9500TE @ 2.20GHz,9846
940,Intel Core i3-1125G4 @ 2.00GHz,9798
941,Intel Core i5-9500 @ 3.00GHz,9783
942,Intel Xeon E-2324G @ 3.10GHz,9771
943,Intel Xeon E-2274G @ 4.00GHz,9760
944,Intel Xeon E5-2690 @ 2.90GHz,9754
945,Intel Core i7-10710U @ 1.10GHz,9732
946,Intel Xeon E5-2689 @ 2.60GHz,9730
947,Intel Core i3-1305U,9724
948,Intel Xeon E-2174G @ 3.80GHz,9714
949,Intel Xeon D-1718T @ 2.60GHz,9713
950,AMD Ryzen 3 5300U,9709
951,AMD Ryzen 5 7520U,9678
952,Intel Core i7-7700K @ 4.20GHz,9656
953,Intel Core i7-1068NG7 @ 2.30GHz,9656
954,Intel Core i3-1215UE,9643
955,AMD Ryzen 5 PRO 3350GE,9643
956,Hygon C86 3185 8-core,9627
957,Intel Core i5-1140G7 @ 1.10GHz,9610
958,Intel Core i5-8500 @ 3.00GHz,9605
959,Intel Xeon E-2244G @ 3.80GHz,9582
960,Intel Core i5-9600T @ 2.30GHz,9580
961,Intel Xeon E5-4620 v2 @ 2.60GHz,9540
962,AMD Ryzen 5 2500X,9514
963,Intel Xeon Gold 5222 @ 3.80GHz,9504
964,Intel Core i5-9400F @ 2.90GHz,9500
965,Intel Core i5-1145GRE @ 2.60GHz,9428
966,Intel Core i7-4930K @ 3.40GHz,9417
967,Intel Xeon E5-2680 @ 2.70GHz,9414
968,Intel Xeon E5-2651 v2 @ 1.80GHz,9408
969,Intel Core i5-1145G7E @ 2.60GHz,9392
970,Intel Core i5-9400 @ 2.90GHz,9389
971,Intel Core i3-10300 @ 3.70GHz,9389
972,Intel Xeon E5-4655 v3 @ 2.90GHz,9377
973,Apple A12Z Bionic,9365
974,Snapdragon 8 Gen2 Mobile Platform for Galaxy,9362
975,AMD Ryzen 5 PRO 3350G,9347
976,AMD Ryzen 5 3350GE,9343
977,Intel Xeon E5-1650 v2 @ 3.50GHz,9330
978,Intel Xeon E5-4627 v2 @ 3.30GHz,9320
979,Intel Core i5-8600T @ 2.30GHz,9304
980,Intel Xeon E3-1275 v6 @ 3.80GHz,9302
981,AMD Ryzen 5 3400G,9297
982,Intel Core i5-1245UE,9283
983,AMD Ryzen 5 PRO 1500,9279
984,Intel Xeon E5-2450 v2 @ 2.50GHz,9269
985,Intel Core i5-8400 @ 2.80GHz,9256
986,Intel Xeon E5-2620 v4 @ 2.10GHz,9218
987,AMD Ryzen 3 7320U,9209
988,Intel Core i7-1265UE,9195
989,Mediatek MT8798Z/CNZA,9179
990,AMD Ryzen 5 PRO 3400G,9175
991,Intel Xeon E-2144G @ 3.60GHz,9175
992,Intel Core i5-1038NG7 @ 2.00GHz,9171
993,Intel Xeon E-2134 @ 3.50GHz,9166
994,Mediatek MT6983W/CZA,9155
995,Intel Core i7-1160G7 @ 1.20GHz,9145
996,Intel Xeon E5-2629 v3 @ 2.40GHz,9139
997,Intel Xeon E5-2643 v2 @ 3.50GHz,9134
998,Intel Pentium Gold 8505,9123
999,Intel U300,9114
1000,Intel Core i7-9850HL @ 1.90GHz,9112
1001,Intel Core i3-10305 @ 3.80GHz,9108
1002,Intel Xeon D-1715TER @ 2.40GHz,9104
1003,AMD Ryzen 5 1500X,9102
1004,QTI SM8550,9097
1005,Intel Xeon D-1548 @ 2.00GHz,9075
1006,Intel Xeon E5-4648 v3 @ 1.70GHz,9061
1007,AMD Ryzen 5 3350G,9048
1008,Intel Xeon E3-1280 v6 @ 3.90GHz,9028
1009,Intel Core i3-10105F @ 3.70GHz,9023
1010,Intel Core i5-8500B @ 3.00GHz,8991
1011,Intel Xeon D-1557 @ 1.50GHz,8963
1012,Intel Core i7-6700K @ 4.00GHz,8942
1013,Intel Xeon E3-1270 v6 @ 3.80GHz,8931
1014,Intel Xeon E5-2670 @ 2.60GHz,8930
1015,AMD Ryzen 5 3400GE,8901
1016,Intel Core i5-3170K @ 3.20GHz,8882
1017,Intel Xeon Gold 5122 @ 3.60GHz,8857
1018,Intel Xeon E5-2630L v3 @ 1.80GHz,8834
1019,Intel Xeon E5-2648L v2 @ 1.90GHz,8828
1020,Intel Xeon Silver 4108 @ 1.80GHz,8808
1021,Intel Core i3-10100F @ 3.60GHz,8794
1022,AMD Ryzen 5 2400G,8738
1023,Intel Xeon E3-1245 v6 @ 3.70GHz,8713
1024,Intel Core i3-10100 @ 3.60GHz,8693
1025,Intel Xeon E3-1240 v6 @ 3.70GHz,8688
1026,ARM X-Gene 32 Core 3300 MHz,8684
1027,Intel Core i7-7700 @ 3.60GHz,8657
1028,Intel Core i3-10105 @ 3.70GHz,8648
1029,Intel Atom C5125,8631
1030,Intel Xeon E5-4650 @ 2.70GHz,8630
1031,Intel Core i5-1130G7 @ 1.10GHz,8623
1032,Intel Core i7-8809G @ 3.10GHz,8619
1033,ARM - 8 Core 2424 MHz,8610
1034,AMD Ryzen Embedded V1807B,8609
1035,Intel Core i5-10400H @ 2.60GHz,8588
1036,Intel Core i7-8559U @ 2.70GHz,8582
1037,Intel Xeon W-2223 @ 3.60GHz,8578
1038,AMD Ryzen Embedded R2544,8564
1039,AMD EPYC 3201,8545
1040,Intel Xeon E3-1285 v6 @ 4.10GHz,8536
1041,Apple A14 Bionic,8528
1042,Intel Core i5-10300H @ 2.50GHz,8506
1043,Intel Xeon W-2123 @ 3.60GHz,8497
1044,AMD Ryzen 5 PRO 2400G,8482
1045,Intel Xeon E5-4650L @ 2.60GHz,8472
1046,Intel Core i5-10500TE @ 2.30GHz,8449
1047,Intel Xeon E5-2628 v3 @ 2.50GHz,8447
1048,Intel Xeon E3-1275 v5 @ 3.60GHz,8445
1049,Intel Core i5-9400T @ 1.80GHz,8431
1050,Intel Core i7-1065G7 @ 1.30GHz,8425
1051,Intel Core i7-3970X @ 3.50GHz,8408
1052,Intel Xeon E3-1585 v5 @ 3.50GHz,8408
1053,Intel Core i5-1035G7 @ 1.20GHz,8401
1054,Intel Xeon E5-1660 @ 3.30GHz,8394
1055,Intel Core i7-3960X @ 3.30GHz,8390
1056,Intel Xeon E3-1280 v5 @ 3.70GHz,8377
1057,Intel Xeon E3-1270 v5 @ 3.60GHz,8358
1058,Intel Core i7-1180G7 @ 1.30GHz,8351
1059,AMD Opteron 6386 SE,8320
1060,AMD Ryzen 5 PRO 3400GE,8301
1061,Intel Xeon E5-2470 @ 2.30GHz,8295
1062,AMD Ryzen Embedded V1756B,8291
1063,Intel Xeon E3-1240 v5 @ 3.50GHz,8282
1064,AMD Athlon Gold PRO 4150GE,8259
1065,Intel Core i7-8569U @ 2.80GHz,8253
1066,AMD Ryzen 3 7320C,8252
1067,Intel Core i5-10200H @ 2.40GHz,8239
1068,Intel Xeon E5-2665 @ 2.40GHz,8237
1069,Intel Core i3-10100E @ 3.20GHz,8229
1070,Intel Xeon E-2314 @ 2.80GHz,8227
1071,Intel Xeon E3-1260L v5 @ 2.90GHz,8226
1072,Intel Xeon E3-1230 v6 @ 3.50GHz,8218
1073,AMD Ryzen 7 3750H,8208
1074,Intel Core i7-1185GRE @ 2.80GHz,8203
1075,ARM X-Gene 32 Core 3000 MHz,8202
1076,Intel Core i7-3930K @ 3.20GHz,8200
1077,Intel Core i7-10810U @ 1.10GHz,8198
1078,Intel Xeon E-2276ME @ 2.80GHz,8167
1079,Intel Xeon E5-2660 @ 2.20GHz,8138
1080,Intel Core i3-10305T @ 3.00GHz,8136
1081,Intel Core i5-9500T @ 2.20GHz,8125
1082,Mediatek MT6896Z/CZA,8115
1083,Intel Core i7-8706G @ 3.10GHz,8108
1084,Intel Xeon E5-1650 @ 3.20GHz,8090
1085,Intel Core i7-6700 @ 3.40GHz,8089
1086,Intel Xeon E3-1585L v5 @ 3.00GHz,8083
1087,Intel Xeon E3-1285L v4 @ 3.40GHz,8074
1088,Intel Core i3-10300T @ 3.00GHz,8067
1089,Intel Core i7-4790K @ 4.00GHz,8065
1090,Intel Core i3-N300,8064
1091,Intel Core i5-8269U @ 2.60GHz,8055
1092,CentaurHauls @2500MHz,8052
1093,Intel Xeon E3-1535M v6 @ 3.10GHz,8051
1094,Intel Xeon E3-1230 v5 @ 3.40GHz,8040
1095,Intel Xeon E3-1245 v5 @ 3.50GHz,8035
1096,Intel Core i5-9400H @ 2.50GHz,8031
1097,Intel Core i3-10105T @ 3.00GHz,8012
1098,Intel Core i5-1035G4 @ 1.10GHz,8005
1099,Intel Xeon D-2712T @ 1.90GHz,7990
1100,Intel Core i5-8259U @ 2.30GHz,7976
1101,Intel Xeon E3-1515M v5 @ 2.80GHz,7938
1102,Intel Core i7-8709G @ 3.10GHz,7926
1103,Intel Xeon E3-1575M v5 @ 3.00GHz,7908
1104,AMD Ryzen 7 2800H,7863
1105,AMD EPYC 3151,7860
1106,AMD Opteron 6348,7850
1107,AMD Ryzen 5 2600H,7834
1108,AMD Ryzen 5 3550H,7833
1109,Mediatek MT6985,7822
1110,Intel Xeon E5-2620 v3 @ 2.40GHz,7811
