1,Intel Xeon E3-1545M v5 @ 2.90GHz,7790
2,AMD Ryzen 5 1400,7777
3,AMD Ryzen Embedded V1807F,7775
4,Intel Core i7-8705G @ 3.10GHz,7771
5,Intel Xeon E3-1285 v4 @ 3.50GHz,7770
6,Intel Core i7-5775R @ 3.30GHz,7768
7,Intel Core i5-8400H @ 2.50GHz,7753
8,Intel Core i5-8500T @ 2.10GHz,7736
9,AMD Athlon Gold PRO 3150G,7702
10,Intel Core i3-9350K @ 4.00GHz,7700
11,Intel Core i5-8279U @ 2.40GHz,7697
12,Intel Core i7-5950HQ @ 2.90GHz,7696
13,AMD Ryzen 5 3550U,7681
14,Intel Core i7-8557U @ 1.70GHz,7680
15,Intel Xeon E3-1270L v4 @ 3.00GHz,7662
16,Intel Xeon E5-1630 v4 @ 3.70GHz,7662
17,Intel Xeon E5-2440 v2 @ 1.90GHz,7655
18,Intel Core i7-5775C @ 3.30GHz,7654
19,Intel Core i5-9300H @ 2.40GHz,7653
20,Intel Core i5-8260U @ 1.60GHz,7649
21,Intel Xeon E5-2640 v2 @ 2.00GHz,7636
22,QTI SM7475,7634
23,Intel Core i5-8257U @ 1.40GHz,7622
24,MediaTek MT6895,7615
25,Intel Xeon E5-2650L v2 @ 1.70GHz,7586
26,Intel Xeon E-2224G @ 3.50GHz,7584
27,Intel Core i3-9350KF @ 4.00GHz,7577
28,Intel Core i7-7700T @ 2.90GHz,7575
29,Mediatek MT6895Z_A/TCZA,7573
30,Intel Xeon E5-2450 @ 2.10GHz,7534
31,Intel Xeon E3-1535M v5 @ 2.90GHz,7517
32,AMD Ryzen 5 PRO 2400GE,7515
33,AMD Ryzen 3 2300X,7515
34,Intel Xeon E5-2667 @ 2.90GHz,7511
35,Intel Core i5-9300HF @ 2.40GHz,7505
36,Intel Xeon E3-1271 v3 @ 3.60GHz,7492
37,AMD Ryzen 3 4300U,7486
38,Intel Xeon E5-2630 v2 @ 2.60GHz,7486
39,Intel Xeon D-1531 @ 2.20GHz,7483
40,Intel Core i5-1035G1 @ 1.00GHz,7482
41,Intel Core i5-8300H @ 2.30GHz,7466
42,Intel Core i5-8400T @ 1.70GHz,7464
43,Intel Core i7-7820EQ @ 3.00GHz,7453
44,Intel Core i7-7820HK @ 2.90GHz,7451
45,Intel Xeon E-2124G @ 3.40GHz,7448
46,Intel Xeon E5-2608L v4 @ 1.60GHz,7447
47,Intel Core i7-7920HQ @ 3.10GHz,7445
48,Google GS201,7444
49,AMD Ryzen 5 2400GE,7438
50,Intel Xeon E3-1276 v3 @ 3.60GHz,7433
51,Intel Xeon E3-1286 v3 @ 3.70GHz,7418
52,Intel Xeon E5-2650 @ 2.00GHz,7417
53,Intel Xeon E3-1505M v6 @ 3.00GHz,7408
54,Intel Xeon E3-1281 v3 @ 3.70GHz,7407
55,Intel Xeon E5-1620 v4 @ 3.50GHz,7405
56,Intel Xeon E3-1280 v3 @ 3.60GHz,7402
57,Intel Xeon E5-1630 v3 @ 3.70GHz,7400
58,Intel Xeon E5-2637 v4 @ 3.50GHz,7385
59,Intel Xeon @ 2.00GHz,7363
60,Intel Core i3-9320 @ 3.70GHz,7358
61,AMD Ryzen 7 PRO 3700U,7353
62,Intel Xeon D-1559 @ 1.50GHz,7353
63,Intel Xeon E3-1270 v3 @ 3.50GHz,7309
64,AMD Ryzen 3 3200GE,7309
65,Intel Core i3-10100T @ 3.00GHz,7304
66,QTI SM8475,7301
67,Intel Core i7-995X @ 3.60GHz,7297
68,Intel Xeon E3-1246 v3 @ 3.50GHz,7296
69,Intel Core i7-6920HQ @ 2.90GHz,7294
70,Intel Xeon E-2224 @ 3.40GHz,7285
71,AMD Opteron 6281,7279
72,Intel Core i3-9300 @ 3.70GHz,7279
73,AMD Ryzen 7 PRO 2700U,7265
74,Intel Xeon E5-2637 v3 @ 3.50GHz,7259
75,Intel Core i7-4790 @ 3.60GHz,7259
76,Intel Xeon W3690 @ 3.47GHz,7259
77,Intel Core i7-6700T @ 2.80GHz,7257
78,Intel Xeon E3-1275 v3 @ 3.50GHz,7238
79,AMD Ryzen 3 PRO 1300,7234
80,Intel Xeon E5-4610 v3 @ 1.70GHz,7229
81,Mediatek MT6895Z_B/TCZA,7210
82,Intel Core i7-7820HQ @ 2.90GHz,7191
83,AMD Ryzen 7 3700U,7187
84,Intel Xeon E5-2628L v2 @ 1.90GHz,7181
85,Intel Xeon D-1537 @ 1.70GHz,7176
86,Intel Xeon D-1539 @ 1.60GHz,7175
87,AMD Ryzen 5 3580U,7174
88,AMD Ryzen 3 3200G,7161
89,AMD Ryzen 7 3700C,7145
90,Intel Xeon E3-1241 v3 @ 3.50GHz,7142
91,vendor Kirin9000E,7141
92,MediaTek MT6983,7139
93,Intel Core i7-4771 @ 3.50GHz,7127
94,Intel Core i7-4770K @ 3.50GHz,7127
95,AMD Athlon Gold 3150G,7112
96,Intel Core i7-6770HQ @ 2.60GHz,7111
97,Intel Xeon X5679 @ 3.20GHz,7095
98,Intel Core i7-990X @ 3.47GHz,7087
99,Intel Core i7-4940MX @ 3.10GHz,7080
100,Intel Xeon E3-1240 v3 @ 3.40GHz,7062
101,Intel Core i7-4770 @ 3.40GHz,7055
102,Intel Xeon E5-2430 v2 @ 2.50GHz,7039
103,Intel Core i7-5850EQ @ 2.70GHz,7036
104,Intel Core i7-6820HK @ 2.70GHz,7032
105,Intel Xeon E-2124 @ 3.30GHz,7027
106,Intel Xeon E3-1245 v3 @ 3.40GHz,7020
107,Intel Xeon E3-1231 v3 @ 3.40GHz,7018
108,AMD Ryzen 3 PRO 3200GE,7018
109,Intel Xeon E5-4640 @ 2.40GHz,7012
110,Mediatek MT8797Z/CNZA,7011
111,Intel Core i7-6820EQ @ 2.80GHz,7010
112,AMD Athlon Gold PRO 3150GE,7006
113,Intel Core i7-4790S @ 3.20GHz,7000
114,AMD Ryzen 5 3500U,6998
115,Intel Xeon E5-1620 v3 @ 3.50GHz,6996
116,Intel Xeon X5690 @ 3.47GHz,6986
117,Intel Xeon E5-4607 v2 @ 2.60GHz,6986
118,AMD Ryzen 3 PRO 3200G,6986
119,AMD Ryzen 5 PRO 3500U,6980
120,Intel Xeon E3-1285 v3 @ 3.60GHz,6974
121,AMD Ryzen 7 2700U,6972
122,AMD Ryzen 3 1300X,6968
123,Intel Xeon E3-1265L v4 @ 2.30GHz,6954
124,Intel Xeon W3680 @ 3.33GHz,6949
125,Intel Xeon E3-1505M v5 @ 2.80GHz,6946
126,Mediatek MT6889,6944
127,Intel Core i3-8350K @ 4.00GHz,6928
128,Intel Core i7-7700HQ @ 2.80GHz,6927
129,Intel Core i7-980 @ 3.33GHz,6926
130,AMD Opteron 6287 SE,6925
131,vendor Kirin9000,6914
132,AMD Ryzen 7 3780U,6910
133,Intel Xeon E5-2623 v4 @ 2.60GHz,6880
134,Intel Core i5-8305G @ 2.80GHz,6876
135,Intel Core i7-5850HQ @ 2.70GHz,6866
136,Intel Core i7-980X @ 3.33GHz,6848
137,Intel Xeon D-2123IT @ 2.20GHz,6841
138,Intel Core i7-6820HQ @ 2.70GHz,6840
139,Intel Core i7-10610U @ 1.80GHz,6836
140,Intel Xeon X5680 @ 3.33GHz,6836
141,Intel Xeon E5-4620 @ 2.20GHz,6830
142,Intel Xeon E3-1285L v3 @ 3.10GHz,6819
143,Intel Core i5-7600K @ 3.80GHz,6819
144,AMD Ryzen Embedded R2514,6811
145,Intel Core i7-6700TE @ 2.40GHz,6801
146,AMD Ryzen 3 PRO 2200G,6796
147,Intel Core i5-7640X @ 4.00GHz,6791
148,Intel Xeon E5-2623 v3 @ 3.00GHz,6790
149,Qualcomm SM8350,6778
150,ARM Firestorm 8 Core 2064 MHz,6775
151,Intel Xeon E3-1230 v3 @ 3.30GHz,6775
152,Intel Xeon E5-2448L v2 @ 1.80GHz,6774
153,Snapdragon 8cx Gen 2 @ 3.0 GHz,6770
154,AMD Ryzen 5 3450U,6770
155,AMD Ryzen 3 2200G,6767
156,Intel Core i7-4770S @ 3.10GHz,6761
157,AMD FX-9590 Eight-Core,6759
158,Intel Core i3-9100F @ 3.60GHz,6752
159,Intel Pentium Gold G7400,6749
160,AMD Ryzen Embedded V1605B,6741
161,AMD Opteron 6380,6738
162,Google Tensor,6727
163,Intel Xeon E5-2630L v2 @ 2.40GHz,6701
164,Intel Core i7-1060NG7 @ 1.20GHz,6690
165,Intel Core i7-10510U @ 1.80GHz,6674
166,Mediatek MT8789,6640
167,Intel Core i3-9100 @ 3.60GHz,6639
168,Intel Xeon D-1528 @ 1.90GHz,6638
169,Intel Core i7-4980HQ @ 2.80GHz,6638
170,AMD Ryzen 5 PRO 2500U,6615
171,Intel Core i7-4960HQ @ 2.60GHz,6602
172,Intel Xeon Platinum 8151 @ 3.40GHz,6591
173,Qualcomm Technologies Inc SM8350AC,6588
174,Intel Xeon E3-1275 V2 @ 3.50GHz,6584
175,AMD Ryzen Embedded R2314,6584
176,Qualcomm SM8250,6581
177,Snapdragon 8cx Gen 2 @ 3.15 GHz,6581
178,Intel Core i5-7600 @ 3.50GHz,6563
179,Qualcomm Technologies Inc SA8195P,6554
180,MT8797Z/CNZA,6550
181,CentaurHauls @2000MHz,6549
182,Intel Xeon E5-1620 v2 @ 3.70GHz,6548
183,Intel Xeon E3-1280 V2 @ 3.60GHz,6545
184,Intel Core i7-970 @ 3.20GHz,6533
185,Intel Xeon E3-1290 V2 @ 3.70GHz,6529
186,Intel Core i7-4930MX @ 3.00GHz,6524
187,Intel Core i7-6700HQ @ 2.60GHz,6524
188,Intel Core i7-4820K @ 3.70GHz,6521
189,Intel Core i7-4770R @ 3.20GHz,6516
190,AMD Ryzen 5 2500U,6515
191,Samsung s5e9925,6512
192,HiSilicon Kirin,6501
193,Mediatek MT6891,6497
194,MT6893Z_Z/CZA,6485
195,QTI SM8350,6485
196,Intel Core i5-10310U @ 1.70GHz,6469
197,MT6893Z/CZA,6467
198,Intel Xeon E3-1270 V2 @ 3.50GHz,6467
199,Intel Core i7-3770K @ 3.50GHz,6463
200,Intel Xeon E5-4610 @ 2.40GHz,6460
201,Odin based on Qualcomm Technologies Inc SM8350,6456
202,Intel Xeon X5675 @ 3.07GHz,6453
203,Intel Xeon E3-1286L v3 @ 3.20GHz,6450
204,redwood based Qualcomm Technologies Inc. SM7325,6448
205,Intel Xeon E3-1240L v5 @ 2.10GHz,6446
206,Intel Xeon Silver 4112 @ 2.60GHz,6446
207,Qualcomm Technologies Inc SM7325,6431
208,Intel Xeon E5-2637 v2 @ 3.50GHz,6416
209,Intel Xeon E5-2608L v3 @ 2.00GHz,6415
210,Mediatek MT6883Z/CZA,6413
211,Qualcomm Technologies Inc SM8250_AC,6408
212,QTI SM8250,6405
213,Intel Core i7-3770 @ 3.40GHz,6397
214,Intel Core i7-4870HQ @ 2.50GHz,6396
215,Intel Xeon W3670 @ 3.20GHz,6393
216,AMD Opteron 6282 SE,6385
217,Intel Xeon E5-2420 v2 @ 2.20GHz,6375
218,MT6893Z_B/CZA,6371
219,taoyao based Qualcomm Technologies Inc. Yupik IDP,6359
220,Intel Xeon E-2276ML @ 2.00GHz,6353
221,Intel Xeon E3-1240 V2 @ 3.40GHz,6352
222,Intel Core i7-4790T @ 2.70GHz,6340
223,Intel Xeon E3-1245 V2 @ 3.40GHz,6335
224,Intel Xeon E-2254ML @ 1.70GHz,6333
225,Intel Xeon E5-2430L v2 @ 2.40GHz,6332
226,Intel Core i5-6600K @ 3.50GHz,6326
227,AMD Ryzen 3 1200,6322
228,Intel Core i3-8300 @ 3.70GHz,6322
229,Intel Xeon E3-1225 v6 @ 3.30GHz,6321
230,Intel Xeon E5-2640 @ 2.50GHz,6320
231,Mediatek MT6893Z_T/CZA,6303
232,Intel Core i7-4760HQ @ 2.10GHz,6300
233,Intel Core i7-4910MQ @ 2.90GHz,6299
234,AMD Ryzen 3 PRO 2200GE,6298
235,Intel Xeon E5-4617 @ 2.90GHz,6298
236,Mediatek MT6891Z_Z/CZA,6292
237,QTI SM8450,6288
238,Intel Core i7-8665U @ 1.90GHz,6286
239,Intel Core i7-8650U @ 1.90GHz,6284
240,Qualcomm Technologies Inc KONA-IOT,6282
241,Intel Xeon E5-1428L v2 @ 2.20GHz,6255
242,Intel Xeon E5-2620 v2 @ 2.10GHz,6253
243,Intel Core i5-8365U @ 1.60GHz,6253
244,Intel Core i5-10210U @ 1.60GHz,6252
245,AMD Opteron 6276,6245
246,Intel Core i7-4860HQ @ 2.40GHz,6242
247,Intel Core i3-10100TE @ 2.30GHz,6237
248,SM7325,6230
249,Intel Core i5-8350U @ 1.70GHz,6210
250,Intel Xeon D-1622 @ 2.60GHz,6205
251,AMD FX-8370 Eight-Core,6203
252,Intel Xeon E3-1230 V2 @ 3.30GHz,6203
253,Intel Xeon E3-1275L v3 @ 2.70GHz,6192
254,Intel Core i7-8565UC @ 1.80GHz,6187
255,Intel Core i7-3770S @ 3.10GHz,6183
256,Intel Core i3-9300T @ 3.20GHz,6164
257,Intel Core i7-4850HQ @ 2.30GHz,6157
258,Intel Xeon E3-1265L v3 @ 2.50GHz,6156
259,Intel Core i3-1115G4 @ 3.00GHz,6153
260,Intel Core i3-8100 @ 3.60GHz,6145
261,Intel Core i7-8565U @ 1.80GHz,6143
262,Intel Core i7-4900MQ @ 2.80GHz,6143
263,Intel Core i7-4770HQ @ 2.20GHz,6140
264,MT6893Z_C/CZA,6139
265,SM8350,6127
266,Intel Xeon E5-2630 @ 2.30GHz,6117
267,Samsung Exynos 990,6112
268,Qualcomm Technologies Inc SM8350,6112
269,QTI SM6450,6105
270,AMD Ryzen 3 PRO 1200,6100
271,Samsung s5e8835,6100
272,Intel Xeon E5-2440 @ 2.40GHz,6091
273,Intel Core i7-5675C @ 3.10GHz,6089
274,Intel Xeon X5670 @ 2.93GHz,6089
275,Intel Xeon E3-1505L v6 @ 2.20GHz,6088
276,Intel Xeon E3-1268L v5 @ 2.40GHz,6079
277,AMD Ryzen 3 PRO 3300U,6079
278,Intel Xeon E5-2658 @ 2.10GHz,6073
279,Intel N97,6069
280,AMD Opteron 6344,6069
281,AMD FX-9370 Eight-Core,6067
282,AMD Ryzen 3 2200GE,6062
283,Intel Core i7-5700HQ @ 2.70GHz,6060
284,Intel Core i3-8100B @ 3.60GHz,6058
285,AMD EPYC 3101 4-Core,6050
286,Intel Xeon X5660 @ 2.80GHz,6048
287,Intel Core i7-4810MQ @ 2.80GHz,6047
288,MT6893Z_A/CZA,6043
289,AMD FX-8350 Eight-Core,6040
290,Intel Core i5-6600 @ 3.30GHz,6039
291,Intel Core i5-7500 @ 3.40GHz,6030
292,MT6891Z/CZA,6025
293,Intel Core i5-8265U @ 1.60GHz,6018
294,vendor Kirin990,6012
295,AMD Ryzen Embedded V1404I,6007
296,Intel Xeon E5-2650L @ 1.80GHz,6005
297,Mediatek MT6893,5996
298,Intel Core i5-8265UC @ 1.60GHz,5988
299,Qualcomm SM7325,5987
300,Mediatek MT6895Z/TCZA,5967
301,Intel Xeon E3-1225 v5 @ 3.30GHz,5954
302,Intel Xeon E-2104G @ 3.20GHz,5944
303,Microsoft SQ2 @ 3.15 GHz,5936
304,Intel Core i7-8550U @ 1.80GHz,5931
305,Intel Xeon D-1521 @ 2.40GHz,5921
306,Intel Core i7-4770T @ 2.50GHz,5917
307,Intel Core i7-3840QM @ 2.80GHz,5893
308,AMD Opteron 6378,5889
309,Intel Core i5-8250U @ 1.60GHz,5887
310,Intel Xeon E5-2450L @ 1.80GHz,5880
311,Intel Xeon E5-1620 @ 3.60GHz,5860
312,AMD Ryzen 3 3350U,5853
313,Qualcomm Technologies Inc SM8250,5844
314,AMD Ryzen 3 PRO 2300U,5839
315,Intel Core i5-1030NG7 @ 1.10GHz,5835
316,Intel Core i7-4710MQ @ 2.50GHz,5829
317,Intel Core i3-1115G4E @ 3.00GHz,5826
318,Intel Core i5-7600T @ 2.80GHz,5823
319,Intel Core i7-3940XM @ 3.00GHz,5819
320,MT6891,5817
321,Intel Core i7-4800MQ @ 2.70GHz,5812
322,Intel Core i7-5700EQ @ 2.60GHz,5803
323,Intel Xeon E3-1220 v5 @ 3.00GHz,5798
324,QTI SM7325,5792
325,AMD Opteron 4274 HE,5776
326,Intel Xeon Bronze 3106 @ 1.70GHz,5769
327,Intel Core i7-4720HQ @ 2.60GHz,5751
328,Intel Core i7-3820 @ 3.60GHz,5744
329,Intel Xeon E3-1220 v6 @ 3.00GHz,5744
330,MT8195AV/ZA,5735
331,Intel Core i3-8300T @ 3.20GHz,5733
332,Intel Core i7-2700K @ 3.50GHz,5732
333,Intel Xeon W-2104 @ 3.20GHz,5726
334,Intel Core i7-3740QM @ 2.70GHz,5711
335,Intel Core i5-8365UE @ 1.60GHz,5711
336,Intel Core i5-7440EQ @ 2.90GHz,5711
337,Intel Xeon X5650 @ 2.67GHz,5701
338,MT6893Z_D/CZA,5701
339,Intel Pentium Gold G7400T,5688
340,AMD Ryzen 3 3300U,5688
341,Intel Xeon E3-1205 v6 @ 3.00GHz,5682
342,Intel Core i5-4690K @ 3.50GHz,5679
343,Intel Core i7-3820QM @ 2.70GHz,5679
344,MT6883Z/CZA,5665
345,Intel Core i5-6600T @ 2.70GHz,5660
346,Intel Core i7-3920XM @ 2.90GHz,5651
347,Intel Core i7-4700HQ @ 2.40GHz,5650
348,Intel Core i7-3720QM @ 2.60GHz,5650
349,Qualcomm Technologies Inc KONA,5648
350,Intel Core i7-4750HQ @ 2.00GHz,5647
351,AMD Opteron 6274,5643
352,Intel Core i5-6500 @ 3.20GHz,5638
353,SM8325,5629
354,Intel N100,5627
355,AMD Opteron 6238,5625
356,Intel Core i7-4722HQ @ 2.40GHz,5620
357,Intel Xeon E3-1280 @ 3.50GHz,5615
358,AMD Opteron 6366 HE,5613
359,Intel Core i5-7440HQ @ 2.80GHz,5601
360,Intel Core i5-4690 @ 3.50GHz,5600
361,Intel N200,5586
362,Apple A13 Bionic,5581
363,Intel Core i3-9100T @ 3.10GHz,5580
364,AMD Opteron 6376,5572
365,AMD Ryzen 5 3500C,5564
366,Intel Core i7-3770T @ 2.50GHz,5564
367,Snapdragon 7325,5561
368,Intel Core i7-3615QE @ 2.30GHz,5548
369,Intel Core i5-4670K @ 3.40GHz,5548
370,Intel Xeon E3-1226 v3 @ 3.30GHz,5546
371,Intel Core i5-5675C @ 3.10GHz,5546
372,Virtual @ 2.99GHz,5543
373,Qualcomm Technologies Inc SDM778G,5542
374,Intel Xeon E5-2430 @ 2.20GHz,5541
375,Intel Xeon E5-2430L @ 2.00GHz,5539
376,Intel Core i5-4670 @ 3.40GHz,5527
377,Intel Core i5-5675R @ 3.10GHz,5518
378,Intel Core i7-4710HQ @ 2.50GHz,5512
379,Intel Xeon E3-1240L v3 @ 2.00GHz,5504
380,Intel Core i7-4860EQ @ 1.80GHz,5500
381,Intel Core i5-7400 @ 3.00GHz,5499
382,Intel Core i5-4690S @ 3.20GHz,5495
383,Mediatek MT6879V_T/ZA,5495
384,Intel Core i7-4785T @ 2.20GHz,5484
385,Intel Core i7-2600K @ 3.40GHz,5478
386,Intel Xeon E3-1268L v3 @ 2.30GHz,5475
387,Intel Xeon E3-1275 @ 3.40GHz,5473
388,AMD Ryzen 3 2300U,5473
389,ARM Cortex-A72 16 Core 2200 MHz,5470
390,Intel N95,5467
391,QTI SM7450,5460
392,lisa based Qualcomm Technologies Inc. SM7325,5456
393,Intel Core i5-6402P @ 2.80GHz,5446
394,Intel Xeon E5-2609 v4 @ 1.70GHz,5443
395,Intel Core i5-760S @ 2.53GHz,5440
396,Intel Xeon E5-1410 v2 @ 2.80GHz,5436
397,AMD FX-8320 Eight-Core,5434
398,Intel Xeon E3-1290 @ 3.60GHz,5429
399,Intel Xeon E5-2643 @ 3.30GHz,5425
400,Microsoft ARM SQ1 @ 3.0 GHz,5424
401,Qualcomm SM8150,5420
402,Intel Core i5-6440EQ @ 2.70GHz,5419
403,AMD Ryzen Embedded V1500B Quad-core @ 2.20GHz,5417
404,vendor Kirin985,5417
405,Samsung Exynos 2100,5398
406,Venus based on Qualcomm Technologies Inc SM8350,5398
407,Intel Pentium Silver N6005 @ 2.00GHz,5393
408,Intel Core i7-4702HQ @ 2.20GHz,5393
409,Intel Xeon E3-1240 @ 3.30GHz,5392
410,Intel Xeon E5-2418L v2 @ 2.00GHz,5380
411,Intel Xeon E3-1270 @ 3.40GHz,5376
412,Intel Core i5-4590 @ 3.30GHz,5369
413,Haydn based on Qualcomm Technologies Inc SM8350,5359
414,Intel Core i7-4700MQ @ 2.40GHz,5348
415,Intel Core i7-2600 @ 3.40GHz,5332
416,Intel Xeon E3-1245 @ 3.30GHz,5328
417,Intel Core i3-8100T @ 3.10GHz,5327
418,Intel Core i7-4712HQ @ 2.30GHz,5325
419,AMD FX-8370E Eight-Core,5324
420,vendor Kirin980,5320
421,Intel Xeon X5687 @ 3.60GHz,5309
422,Intel Xeon E3-1225 v3 @ 3.20GHz,5307
423,AMD Opteron 6328,5306
424,Intel Xeon E5-2630L @ 2.00GHz,5305
425,Intel Xeon E3-1505L v5 @ 2.00GHz,5301
426,AMD FX-8300 Eight-Core,5300
427,Vili based on Qualcomm Technologies Inc SM8350,5299
428,Intel Xeon E5-2620 @ 2.00GHz,5286
429,Intel Core i7-4712MQ @ 2.30GHz,5279
430,QTI SM7350,5276
431,Intel Core i5-7500T @ 2.70GHz,5270
432,Intel Xeon E3-1230L v3 @ 1.80GHz,5268
433,Intel Xeon E5649 @ 2.53GHz,5265
434,Intel Xeon E5-2648L @ 1.80GHz,5262
435,MT6877V/TTZA,5253
436,Intel Pentium Gold 7505 @ 2.00GHz,5252
437,Mediatek MT6875,5249
438,AMD FX-8150 Eight-Core,5246
439,Snapdragon 855 @ 2.84 GHz,5243
440,Star based on Qualcomm Technologies Inc SM8350,5241
441,Intel Core i7-6822EQ @ 2.00GHz,5241
442,AMD Opteron 6272,5240
443,Intel Xeon E5-1607 v4 @ 3.10GHz,5237
444,Intel Core i5-4670R @ 3.00GHz,5233
445,Snapdragon 8c @ 2.46 GHz,5230
446,Mars based on Qualcomm Technologies Inc SM8350,5230
447,Intel Core i7-3615QM @ 2.30GHz,5226
448,Intel Core i5-4570 @ 3.20GHz,5222
449,Intel Xeon D-1527 @ 2.20GHz,5213
450,Mediatek MT6877,5204
451,Intel Xeon E3-1220 v3 @ 3.10GHz,5191
452,Intel Core i5-6400 @ 2.70GHz,5172
453,Intel Core i7-8665UE @ 1.70GHz,5170
454,Intel Core i7-4702MQ @ 2.20GHz,5168
455,Intel Xeon E3-1265L V2 @ 2.50GHz,5134
456,Mediatek MT8791V/TN,5132
457,AMD FX-8310 Eight-Core,5128
458,MT8188JV/A,5128
459,Intel Core i5-4590S @ 3.00GHz,5126
460,Intel Core i7-3630QM @ 2.40GHz,5123
461,Intel Core i7-3610QM @ 2.30GHz,5115
462,Intel Core i7-4765T @ 2.00GHz,5114
463,Intel Core i5-6440HQ @ 2.60GHz,5105
464,MT6893,5102
465,Intel Core i7-10510Y @ 1.20GHz,5100
466,QTI SM8150,5099
467,Intel Xeon E3-1230 @ 3.20GHz,5099
468,Intel Core i5-4670S @ 3.10GHz,5096
469,Intel Core i5-7300HQ @ 2.50GHz,5095
470,Hisilicon Kirin9000,5083
471,Intel Xeon W-2102 @ 2.90GHz,5081
472,AMD FX-8320E Eight-Core,5078
473,Intel Core i5-5575R @ 2.80GHz,5074
474,Intel Xeon E5-2420 @ 1.90GHz,5042
475,Intel Core i5-4670K CPT @ 3.40GHz,5034
476,Intel Xeon E3-1235 @ 3.20GHz,5030
477,Intel Core i7-3610QE @ 2.30GHz,5026
478,Mediatek MT6877V/TZA,5025
479,Intel Xeon E3-1235L v5 @ 2.00GHz,5013
480,Intel Xeon X5677 @ 3.47GHz,5011
481,Intel Core i3-1005G1 @ 1.20GHz,4999
482,Intel Core i5-4570S @ 2.90GHz,4989
483,Mediatek MT6877V/ZA,4985
484,Intel Xeon X5672 @ 3.20GHz,4982
485,AMD Athlon Gold 7220U,4958
486,Intel Xeon E5-1607 v3 @ 3.10GHz,4958
487,Intel Core i5-3570K @ 3.40GHz,4955
488,Intel Core i3-7350K @ 4.20GHz,4943
489,Intel Core i7-4700EQ @ 2.40GHz,4941
490,Intel Xeon E5645 @ 2.40GHz,4929
491,Intel Core i7-3612QE @ 2.10GHz,4929
492,Intel Xeon D-1520 @ 2.20GHz,4917
493,Intel Core i5-3570 @ 3.40GHz,4917
494,vendor Kirin820,4914
495,Apple A12 Bionic,4903
496,SM8450,4896
497,MT6877V/TZA,4871
498,Intel Core i5-4460 @ 3.20GHz,4867
499,AMD FX-8140 Eight-Core,4860
500,Samsung Technologies Inc Exynos E1080,4846
501,Intel Core i3-7320 @ 4.10GHz,4844
502,Mediatek MT6877V/TTZA,4844
503,Renoir based on Qualcomm Technologies Inc SM7350,4842
504,Intel Core i5-7442EQ @ 2.10GHz,4834
505,Intel Xeon D-1518 @ 2.20GHz,4830
506,Intel Xeon E5-1603 v4 @ 2.80GHz,4812
507,Intel Xeon Bronze 3204 @ 1.90GHz,4804
508,Intel Core i5-3550 @ 3.30GHz,4798
509,MT6877V/ZA,4787
510,Intel Core i5-6500T @ 2.50GHz,4778
511,Intel Core i7-2960XM @ 2.70GHz,4760
512,AMD Opteron 6220,4753
513,Intel Atom C3758 @ 2.20GHz,4750
514,Intel Core i5-4440 @ 3.10GHz,4747
515,Intel Xeon E3-1225 V2 @ 3.20GHz,4743
516,Intel Core i5-6500TE @ 2.30GHz,4742
517,Intel Core i5-4470S @ 3.00GHz,4742
518,Intel Core i5-7400T @ 2.40GHz,4729
519,MT8771V/PZA,4723
520,Intel Core i7-3635QM @ 2.40GHz,4708
521,Intel Atom C3858 @ 2.00GHz,4707
522,Intel Core i5-4690T @ 2.50GHz,4704
523,Intel Xeon E5-1410 @ 2.80GHz,4701
524,Intel Core i5-6300HQ @ 2.30GHz,4696
525,Intel Xeon E5-2603 v4 @ 1.70GHz,4695
526,Intel Core i5-3470 @ 3.20GHz,4677
527,Intel Core i7-3632QM @ 2.20GHz,4675
528,Intel Xeon E3-1220 V2 @ 3.10GHz,4666
529,AMD Opteron 4284,4665
530,Snapdragon 8cx @ 2.84 GHz,4660
531,Intel Core i5-4430 @ 3.00GHz,4658
532,Mediatek MT6835,4651
533,Intel Core i7-3612QM @ 2.10GHz,4650
534,AMD FX-8120 Eight-Core,4637
535,AMD Athlon Silver PRO 3125GE,4633
536,Intel Core i7-6970HQ @ 2.80GHz,4632
537,Intel Core i5-10210Y @ 1.00GHz,4631
538,Intel Core i5-3570S @ 3.10GHz,4630
539,Samsung s5e8825,4620
540,Intel Xeon L5640 @ 2.27GHz,4606
541,Snapdragon 8350,4599
542,Intel Core i7-2600S @ 2.80GHz,4597
543,Samsung Exynos 980,4591
544,AMD Ryzen Embedded V1500B,4584
545,Intel Xeon X5667 @ 3.07GHz,4579
546,Intel Core i7-2860QM @ 2.50GHz,4570
547,Intel Core i5-4460S @ 2.90GHz,4567
548,Qualcomm Technologies Inc SM8150,4567
549,Qualcomm SC7180P,4558
550,Intel Core i7-4770TE @ 2.30GHz,4557
551,Intel Core i5-4570R @ 2.70GHz,4556
552,Intel Core i5-6442EQ @ 1.90GHz,4548
553,MT6877T,4548
554,Mediatek MT6853V/TNZA,4548
555,AMD Athlon Silver 3050GE,4545
556,Intel Celeron G6900,4541
557,AMD Athlon 240GE,4534
558,AMD FX-6350 Six-Core,4533
559,Intel Core i3-7300 @ 4.00GHz,4529
560,Mediatek MT8781V/NA,4520
561,MT6889Z/CZA,4504
562,AMD Opteron 4280,4504
563,Intel Core i3-9100TE @ 2.20GHz,4501
564,Qualcomm Technologies Inc SM8150P,4495
565,AMD Athlon 3000G,4490
566,Intel Xeon E5-1603 v3 @ 2.80GHz,4489
567,QTI SM7225,4488
568,Intel Core i5-3450 @ 3.10GHz,4481
569,Intel Core i5-3550S @ 3.00GHz,4475
570,Intel Pentium Gold G6605 @ 4.30GHz,4470
571,Intel Xeon E5-2609 v3 @ 1.90GHz,4444
572,SM6375,4441
573,Intel Xeon X5647 @ 2.93GHz,4441
574,QTI SM7250,4435
575,AMD Athlon PRO 300GE,4432
576,Intel Core i3-7101E @ 3.90GHz,4430
577,AMD Athlon 220GE,4426
578,Intel Pentium 6805 @ 1.10GHz,4424
579,Mediatek MT6886,4420
580,Intel Xeon L5639 @ 2.13GHz,4419
581,Intel Core i5-4440S @ 2.80GHz,4415
582,Mediatek MT8771V/PZA,4414
583,Intel Xeon Bronze 3104 @ 1.70GHz,4413
584,Intel Core i3-6320 @ 3.90GHz,4406
585,Intel Core i7-2760QM @ 2.40GHz,4397
586,Intel Core i5-3470S @ 2.90GHz,4396
587,MT6875,4393
588,Intel Core i3-8121U @ 2.20GHz,4391
589,Intel Core i3-1110G4 @ 1.80GHz,4390
590,Mediatek MT6855V/AZA,4390
591,AMD Athlon 320GE,4388
592,Intel Core i7-2920XM @ 2.50GHz,4384
593,Intel Core i7-2820QM @ 2.30GHz,4381
594,Mediatek MT6833GP,4378
595,AMD Opteron 4386,4378
596,Intel Pentium Gold G6505 @ 4.20GHz,4378
597,Apple A11 Bionic,4377
598,Intel Core i5-3450S @ 2.80GHz,4370
599,Mediatek MT6833V/ZA,4369
600,AMD FX-6330 Six-Core,4355
601,Intel Core i3-7100 @ 3.90GHz,4355
602,AMD FX-6130 Six-Core,4353
603,Intel Core i3-6300 @ 3.80GHz,4353
604,Qualcomm Technologies Inc SDM750G,4350
605,Qualcomm SM7150,4344
606,Intel Core i5-4670T @ 2.30GHz,4335
607,Hisilicon Kirin980,4330
608,Intel Core i5-6400T @ 2.20GHz,4315
609,Intel Core i5-4430S @ 2.70GHz,4290
610,Mediatek MT6789V/CD,4290
611,MediaTek MT6789,4289
612,Rockchip RK3588,4283
613,Intel Atom C3958 @ 2.00GHz,4281
614,AMD Athlon 300GE,4277
615,Samsung s5e8535,4275
616,Intel Celeron J6413 @ 1.80GHz,4269
617,Mediatek MT6833V/PNZA,4263
618,??900,4259
619,Qualcomm Technologies Inc SM6375,4255
620,Intel Core i5-6350HQ @ 2.30GHz,4255
621,Intel Pentium Gold G6405 @ 4.10GHz,4251
622,Intel Core i5-3340 @ 3.10GHz,4250
623,Intel Core i3-8109U @ 3.00GHz,4246
624,Intel Core i5-3475S @ 2.90GHz,4244
625,Intel Core i5-3350P @ 3.10GHz,4236
626,Mediatek MT8781V/CA,4236
627,Intel Core i3-8140U @ 2.10GHz,4227
628,Intel Pentium Gold G6600 @ 4.20GHz,4226
629,Intel Core i3-1115GRE @ 3.00GHz,4220
630,Qualcomm Technologies Inc SM8150_Plus,4218
631,Intel Core i3-7300T @ 3.50GHz,4211
632,vendor Kirin810,4210
633,Mediatek MT8789V/T,4205
634,Intel Core i5-2450P @ 3.20GHz,4203
635,QTI SM6350,4198
636,AMD FX-6300 Six-Core,4195
637,Intel Xeon E5-1607 v2 @ 3.00GHz,4194
638,Intel Pentium Gold G6500 @ 4.10GHz,4187
639,AMD Ryzen Embedded R1606G,4186
640,Intel Core i7-7567U @ 3.50GHz,4182
641,Intel Celeron N5095A @ 2.00GHz,4168
642,MT6833V/PNZA,4164
643,Intel Pentium J6426 @ 2.00GHz,4163
644,Hisilicon Kirin985,4162
645,MT6833P,4158
646,Intel Core i3-6100 @ 3.70GHz,4152
647,Mediatek MT6879V/ZA,4144
648,Intel Pentium Gold G6400 @ 4.00GHz,4140
649,AMD Athlon PRO 200GE,4139
650,AMD Opteron 3380,4134
651,QTI SM6375,4132
652,Intel Core i5-2500K @ 3.30GHz,4125
653,Intel Pentium Gold G5600F @ 3.90GHz,4122
654,AMD Athlon 200GE,4113
655,Intel Celeron N5095 @ 2.00GHz,4112
656,Intel Core i5-2500 @ 3.30GHz,4111
657,Intel Core i7-7660U @ 2.50GHz,4109
658,MT8789V/T,4104
659,Intel Pentium Gold G5620 @ 4.00GHz,4102
660,Intel Core i3-8145UE @ 2.20GHz,4099
661,Intel Core i5-2550K @ 3.40GHz,4099
662,AMD Opteron 3365,4091
663,MT6833V/ZA,4087
664,Intel Core i5-3330 @ 3.00GHz,4087
665,ARM - 8 Core 1766 MHz,4080
666,AMD Athlon PRO 300U,4080
667,AMD FX-6200 Six-Core,4075
668,Intel Core i5-3335S @ 2.70GHz,4074
669,AMD Opteron 6234,4072
670,Mediatek MT6781V/CD,4071
671,AMD Ryzen 3 PRO 2100GE,4069
672,Intel Celeron N5105 @ 2.00GHz,4066
673,Intel Core i3-6098P @ 3.60GHz,4064
674,Intel Core i5-4590T @ 2.00GHz,4062
675,Intel Xeon E3-1260L @ 2.40GHz,4061
676,QTI SM4375,4061
677,MT8789V/CT,4060
678,Intel Core i5-3570T @ 2.30GHz,4057
679,MediaTek MT6873,4050
680,Intel Core i7-2710QE @ 2.10GHz,4044
681,Mediatek MT6853V/NZA,4042
682,Intel Core i7-2720QM @ 2.20GHz,4028
683,AMD Athlon Gold 3150U,4028
684,Intel Core i3-6300T @ 3.30GHz,4016
685,AMD Opteron 6212,4007
686,QTI QCM5430,4006
687,Intel Pentium Gold G6500T @ 3.50GHz,4005
688,Intel Celeron G6900T,4003
689,Qualcomm SDM845,3988
690,Mediatek MT6781V/CDZAMB-H,3987
691,MT6781V/CD,3969
692,Intel Core i5-7260U @ 2.20GHz,3966
693,AMD PRO A12-8870,3952
694,AMD Opteron 4334,3949
695,Intel Core i3-7101TE @ 3.40GHz,3949
696,Intel Atom x6425E @ 2.00GHz,3934
697,Intel Core i3-10110U @ 2.10GHz,3933
698,AMD Athlon 300U,3933
699,AMD FX-8100 Eight-Core,3930
700,Intel Core i7-985 @ 3.47GHz,3928
701,Intel Core i5-3340S @ 2.80GHz,3918
702,MT6781,3916
703,ZHAOXIN KaiXian KX-U6780A@2.7GHz,3913
704,Intel Core i5-7360U @ 2.30GHz,3910
705,AMD Ryzen Embedded R1505G,3909
706,AMD Opteron 4332 HE,3906
707,Hisilicon Kirin820,3893
708,Intel Core i7-2675QM @ 2.20GHz,3885
709,Intel Xeon E3-1220 @ 3.10GHz,3874
710,AMD A9-9820,3870
711,AMD Ryzen 3 3250U,3868
712,Mediatek MT6833P,3864
713,Qualcomm Technologies Inc,3863
714,MediaTek Kompanio 520/528 (MT8186/MT8186T),3861
715,AMD FX-6120 Six-Core,3861
716,Intel Xeon E3-1225 @ 3.10GHz,3860
717,Intel Core i5-2400 @ 3.10GHz,3854
718,QTI SM4350,3853
719,Intel Core i5-3330S @ 2.70GHz,3849
720,Intel Core i3-4370 @ 3.80GHz,3845
721,Samsung Exynos 9820,3844
722,QTI SM7125,3843
723,Intel Core i7-2840QM @ 2.40GHz,3842
724,Intel Xeon E5640 @ 2.67GHz,3842
725,Intel Celeron J6412 @ 2.00GHz,3841
726,Intel Pentium Gold G5500 @ 3.80GHz,3840
727,Mediatek MT6785,3837
728,Qualcomm SM7250,3837
729,AMD Ryzen 3 3200U,3828
730,Intel Core i5-6287U @ 3.10GHz,3820
731,Intel Core i7-6567U @ 3.30GHz,3819
732,Intel Xeon E5-2603 v3 @ 1.60GHz,3817
733,Intel Atom x6413E @ 1.50GHz,3815
734,AMD Phenom II X6 1100T,3814
735,Snapdragon 7c Gen 2 @ 2.55 GHz,3811
736,Intel Core i3-7100T @ 3.40GHz,3810
737,Intel Core i3-8145U @ 2.10GHz,3806
738,Mediatek MT6833,3806
739,AMD Athlon X4 845,3803
740,Intel Core i5-2380P @ 3.10GHz,3797
741,Hisilicon Kirin 990,3794
742,Intel Pentium Gold G5600 @ 3.90GHz,3789
743,Qualcomm SM6150,3789
744,MT6833,3784
745,Mediatek MT8789V/CT,3773
746,ARM Cortex-A57 8 Core 1766 MHz,3766
747,Intel Pentium N6415 @ 1.20GHz,3760
748,AMD PRO A12-9800,3758
749,Intel Xeon E5630 @ 2.53GHz,3754
750,QTI SM7150,3753
751,Intel Core i7-2670QM @ 2.20GHz,3753
752,Samsung Exynos 9825,3753
753,AMD PRO A10-8850B,3752
754,Intel Core i7-7560U @ 2.40GHz,3749
755,AMD Phenom II X6 1090T,3749
756,Intel Pentium Gold G6405T @ 3.50GHz,3746
757,Intel Core i5-7287U @ 3.30GHz,3744
758,Samsung Exynos 9810,3743
759,Intel Pentium G4620 @ 3.70GHz,3735
760,Intel Xeon E5-1607 @ 3.00GHz,3730
761,Intel Core i7-7600U @ 2.80GHz,3725
762,AMD Opteron 3280,3723
763,Intel Pentium Gold G5400 @ 3.70GHz,3720
764,Virtual @ 3.14GHz,3720
765,AMD Ryzen Embedded R2312,3720
766,Intel Core i3-1000NG4 @ 1.10GHz,3716
767,Mediatek MT6781,3715
768,Snapdragon 7c @ 1.96 GHz,3712
769,Intel Xeon L5638 @ 2.00GHz,3707
770,Intel Pentium Gold G6505T @ 3.60GHz,3698
771,AMD Opteron 6174,3697
772,AMD Ryzen 3 2200U,3695
773,ZHAOXIN KaiXian KX-U6780@2.7GHz,3693
774,Intel Core i5-7267U @ 3.10GHz,3691
775,Intel Core i5-7300U @ 2.60GHz,3681
776,Intel Core i7-6660U @ 2.40GHz,3681
777,Intel Pentium Gold G5420 @ 3.80GHz,3667
778,AMD FX-6100 Six-Core,3665
779,AMD Athlon X4 880K,3662
780,AMD PRO A10-9700,3653
781,Intel Core i7-7500U @ 2.70GHz,3650
782,Intel Core i5-2320 @ 3.00GHz,3646
783,Intel Core i3-6100T @ 3.20GHz,3645
784,Intel Core i5-2310 @ 2.90GHz,3643
785,AMD A8-7500,3640
786,MT6833V/NZA,3635
787,DG1301SML87HY,3624
788,Intel Core i5-4460T @ 1.90GHz,3621
789,MT6853V/TNZA,3616
790,Intel Xeon W3580 @ 3.33GHz,3612
791,Intel Core i3-8130U @ 2.20GHz,3611
792,Intel Pentium G4600 @ 3.60GHz,3610
793,Intel Core i3-4360 @ 3.70GHz,3609
794,Intel Core i7-6650U @ 2.20GHz,3608
795,Intel Pentium Gold G5600T @ 3.30GHz,3601
796,Intel Pentium Gold G6400T @ 3.40GHz,3588
797,Intel Core i3-4170 @ 3.70GHz,3583
798,AMD Athlon X4 950,3580
799,Mediatek MT6833V/NZA,3577
800,MT6853V/ZA,3577
801,AMD Embedded R-Series RX-421ND,3575
802,MediaTek MT6785V/CD,3571
803,AMD Opteron 6176 SE,3564
804,QTI SM6225,3557
805,Qualcomm SM7125,3554
806,Intel Core i3-4330 @ 3.50GHz,3549
807,AMD A8-7680,3548
808,Intel Core i3-4340 @ 3.60GHz,3545
809,Intel Core i7-2630QM @ 2.00GHz,3545
810,MT6785,3542
811,AMD PRO A10-8770,3533
812,AMD A10-9700,3533
813,AMD Ryzen Embedded V1202B,3532
814,AMD A12-9800,3529
815,Qualcomm Technologies Inc SDMMAGPIEP,3523
816,Intel Pentium G4560 @ 3.50GHz,3521
817,Qualcomm SM4350,3519
818,Intel Xeon E5-2418L @ 2.00GHz,3518
819,Intel Core i3-4160 @ 3.60GHz,3508
820,Intel Xeon E5-2407 v2 @ 2.40GHz,3504
821,Intel Xeon E5620 @ 2.40GHz,3502
822,Intel Core i3-4350 @ 3.60GHz,3501
823,Intel Xeon E5-2609 v2 @ 2.50GHz,3500
824,AMD A10-7890K,3492
825,Qualcomm Technologies Inc ATOLL-AB,3488
826,AMD Opteron 4365 EE,3485
827,AMD Opteron 6164 HE,3478
828,Intel Core i5-4340M @ 2.90GHz,3471
829,Intel Pentium Silver J5040 @ 2.00GHz,3469
830,Qualcomm MSM8998,3465
831,Intel Core i5-6267U @ 2.90GHz,3463
832,Virtual @ 2.40GHz,3461
833,Intel Core i7-6600U @ 2.60GHz,3460
834,Qualcomm Technologies Inc SM7250,3459
835,Intel Xeon E5-1603 @ 2.80GHz,3457
836,AMD A10 PRO-7850B APU,3453
837,Intel Pentium Gold G5420T @ 3.20GHz,3452
838,Intel Core i5-L16G7 @ 1.40GHz,3449
839,Intel Xeon X5698 @ 4.40GHz,3447
840,Snapdragon 845 @ 2.8 GHz,3446
841,AMD A12-9800E,3445
842,AMD A10-8850,3438
843,Intel Core i3-7100H @ 3.00GHz,3430
844,Intel Core i7-975 @ 3.33GHz,3428
845,AMD Embedded R-Series RX-418GD Radeon R6,3426
846,Intel Core i7-965 @ 3.20GHz,3424
847,AMD Athlon X4 860K,3421
848,AMD A10-7850K APU,3419
849,Intel Xeon E3-1265L @ 2.40GHz,3411
850,AMD A10 PRO-7800B APU,3410
851,AMD A10-7870K,3409
852,Qualcomm Technologies Inc KHAJE,3405
853,Qualcomm Technologies Inc SDM765G 5G,3405
854,Intel Pentium Silver N5020 @ 1.10GHz,3404
855,Intel Core i5-2300 @ 2.80GHz,3403
856,AMD Opteron 4226,3400
857,Intel Core i5-7200U @ 2.50GHz,3394
858,Intel Xeon E5-4603 @ 2.00GHz,3391
859,Qualcomm Technologies Inc SM7225,3390
860,Intel Core i5-2500S @ 2.70GHz,3386
861,Intel Xeon W5580 @ 3.20GHz,3386
862,AMD Athlon X4 870K,3385
863,QTI SM6150,3384
864,Intel Core i3-4150 @ 3.50GHz,3383
865,AMD Opteron 6136,3381
866,MediaTek MT6853T,3380
867,AMD Phenom II X6 1075T,3377
868,AMD Opteron X3421 APU,3375
869,Intel Celeron N5100 @ 1.10GHz,3374
870,AMD Phenom II X6 1065T,3370
871,AMD FX-B4150 Quad-Core,3369
872,Intel Core i3-7167U @ 2.80GHz,3368
873,Mediatek MT8786V/CT,3368
874,AMD Athlon X4 850,3366
875,Intel Xeon W3565 @ 3.20GHz,3364
876,Mediatek MT8788,3364
877,Intel Core i3-4370T @ 3.30GHz,3361
878,Qualcomm Technologies Inc LAGOON,3357
879,Intel Xeon W5590 @ 3.33GHz,3342
880,AMD Phenom II X6 1405T,3335
881,MediaTek MT6785V/CC,3334
882,Intel Xeon Gold 6426Y,3334
883,Qualcomm Technologies Inc SM7125,3333
884,AMD PRO A8-9600,3329
885,AMD FX-4150 Quad-Core,3327
886,Snapdragon 850 @ 2.96 GHz,3326
887,Intel Core i7-6560U @ 2.20GHz,3326
888,Intel Core i7-2635QM @ 2.00GHz,3323
889,Intel Core i3-4130 @ 3.40GHz,3319
890,Qualcomm Technologies Inc SDM845,3315
891,Snapdragon 7c @ 2.40 GHz,3315
892,Intel Core i7-960 @ 3.20GHz,3315
893,Intel Core i3-6100E @ 2.70GHz,3315
894,MT6853V/NZA,3314
895,Qualcomm Technologies Inc LITO,3312
896,AMD FX-9830P,3309
897,AMD Athlon X4 840,3305
898,AMD A8-9600,3304
899,Intel Core i7-6498DU @ 2.50GHz,3303
900,AMD Embedded R-Series RX-421BD,3302
901,Qualcomm Technologies Inc SDM730G AIE,3301
902,Intel Xeon L5609 @ 1.87GHz,3298
903,AMD Athlon Gold 3150C,3292
904,AMD Phenom II X6 1055T,3288
905,Qualcomm Technologies Inc SDM720G,3287
906,Intel Celeron 6600HE @ 2.60GHz,3286
907,AMD FX-4350 Quad-Core,3285
908,AMD Ryzen Embedded R1600,3281
909,AMD A10-7860K,3274
910,Intel Core i7-6500U @ 2.50GHz,3274
911,Intel Core i3-10110Y @ 1.00GHz,3269
912,Intel Core i3-4360T @ 3.20GHz,3265
913,Intel Xeon X5570 @ 2.93GHz,3261
914,Intel Pentium Gold G5500T @ 3.20GHz,3259
915,Qualcomm Technologies Inc SM7150,3258
916,Intel Xeon X3470 @ 2.93GHz,3257
917,Intel Xeon X3480 @ 3.07GHz,3255
918,Intel Core i3-6167U @ 2.70GHz,3255
919,Intel Core i5-4400E @ 2.70GHz,3251
920,Intel Core i3-4570T @ 2.90GHz,3244
921,Intel Core i5-6300U @ 2.40GHz,3242
922,Intel Pentium D1508 @ 2.20GHz,3240
923,Mediatek MT6768G,3232
924,MT8667,3230
925,AMD PRO A8-8650B,3230
926,Qualcomm Technologies Inc TRINKET-IOT,3230
927,ZHAOXIN KaiXian KX-U6580@2.5GHz,3227
928,AMD A8-7600 APU,3223
929,Intel Core i7-2715QE @ 2.10GHz,3221
930,AMD A12-9730P,3216
931,Intel Xeon W3550 @ 3.07GHz,3215
932,Intel Core i5-6260U @ 1.80GHz,3213
933,AMD Ryzen 3 3250C,3208
934,Intel Core i5-4330M @ 2.80GHz,3203
935,Intel Core i3-4170T @ 3.20GHz,3203
936,AMD A10-6800K APU,3200
937,AMD A10-7700K APU,3200
938,Intel Core i5-4570T @ 2.90GHz,3199
939,Intel Core i7-950 @ 3.07GHz,3198
940,Intel Atom x6427FE @ 1.90GHz,3196
941,AMD A10-7800 APU,3190
942,Virtual @ 2.41GHz,3188
943,Intel Xeon W3570 @ 3.20GHz,3185
944,Intel Pentium Gold G5400T @ 3.10GHz,3185
945,Qualcomm SDM670,3183
946,AMD A8-7670K,3182
947,AMD PRO A12-9800E,3181
948,Intel Core i7-4600M @ 2.90GHz,3175
949,AMD A10-9700E,3171
950,QTI QCM4290,3169
951,Intel Core i7-4610M @ 3.00GHz,3164
952,vendor Kirin970,3163
953,AMD A10-8750,3161
954,Intel Core i5-6198DU @ 2.30GHz,3161
955,Intel Core i5-2400S @ 2.50GHz,3157
956,Intel Core i5-2405S @ 2.50GHz,3157
957,Intel Xeon Gold 6262V @ 1.90GHz,3155
958,Qualcomm Technologies Inc SDMMAGPIE,3154
959,Unisoc T616,3152
960,Intel Core i3-6100TE @ 2.70GHz,3152
961,Intel Core i3-4350T @ 3.10GHz,3142
962,Intel Core i3-4160T @ 3.10GHz,3139
963,AMD FX-870K Quad Core,3132
964,AMD Phenom II X6 1045T,3128
965,Intel Core i5-4310M @ 2.70GHz,3126
966,Intel Xeon X5560 @ 2.80GHz,3124
967,Intel Core i7-870 @ 2.93GHz,3122
968,MT8786V/CA,3120
969,AMD A10-6700 APU,3119
970,Intel Core i5-6360U @ 2.00GHz,3117
971,Intel Core i5-5287U @ 2.90GHz,3114
972,Mediatek MT8786V/N,3113
973,AMD FX-4200 Quad-Core,3109
974,Intel Core i5-4200H @ 2.80GHz,3107
975,Intel Core i3-4330T @ 3.00GHz,3105
976,Intel Core i7-880 @ 3.07GHz,3105
977,AMD A8-7650K,3104
978,Samsung Exynos 8895,3102
979,AMD FX-4330,3098
980,Intel Core i7-5557U @ 3.10GHz,3090
981,ARM Cortex-A78 4 Core 2000 MHz,3089
982,AMD Athlon Silver 7120U,3088
983,AMD A10-6800B APU,3088
984,Qualcomm Technologies Inc SM4350,3087
985,Intel Pentium Silver J5005 @ 1.50GHz,3085
986,Qualcomm Technologies Inc BENGALP-IOT,3084
987,Intel Pentium Silver N6000 @ 1.10GHz,3083
988,MT6771V/CL,3079
989,Intel Core i5-4570TE @ 2.70GHz,3074
990,AMD FX-4320,3072
991,AMD PRO A12-8870E,3070
992,Intel Xeon W3540 @ 2.93GHz,3070
993,AMD A10-6790K APU,3069
994,Intel Core i7-4578U @ 3.00GHz,3067
995,AMD FX-4170 Quad-Core,3065
996,Intel Core i5-24050S @ 2.50GHz,3061
997,AMD Opteron 2435,3061
998,Intel Xeon W3530 @ 2.80GHz,3059
999,Intel Core i7-875K @ 2.93GHz,3057
1000,Intel Pentium G4600T @ 3.00GHz,3055
1001,Intel Core i7-4558U @ 2.80GHz,3051
1002,AMD Athlon Silver 3050e,3043
1003,AMD Opteron X3418 APU,3043
1004,Spreadtrum T612,3042
1005,Intel Core i3-6100H @ 2.70GHz,3041
1006,Intel Core i5-4210H @ 2.90GHz,3032
1007,AMD PRO A10-8770E,3029
1008,AMD PRO A10-9700E,3028
1009,AMD A10-5800B APU,3021
1010,Intel Core i7-5600U @ 2.60GHz,3020
1011,Mediatek MT6779,3018
1012,Intel Xeon L5630 @ 2.13GHz,3018
1013,Intel Pentium GOLD 6500Y @ 1.10GHz,3016
1014,Intel Xeon X5550 @ 2.67GHz,3015
1015,Spreadtrum T618,3011
1016,Intel Core i3-7130U @ 2.70GHz,3008
1017,SMDK4x12,3006
1018,AMD A8-6600K APU,3004
1019,Qualcomm SM6115,3001
1020,Intel Core i7-5650U @ 2.20GHz,3000
1021,Intel Core i5-6200U @ 2.30GHz,3000
1022,Intel Core i5-4308U @ 2.80GHz,2996
1023,AMD A8-8650,2996
1024,Intel Core i5-4300M @ 2.60GHz,2995
1025,AMD Athlon Silver 3050U,2992
1026,MT8786V/N,2992
1027,AMD PRO A8-8670E,2989
1028,Mediatek MT6769V/CZ,2988
1029,Intel Atom x6425RE @ 1.90GHz,2987
1030,Intel Xeon X3460 @ 2.80GHz,2986
1031,AMD Opteron 4174 HE,2986
1032,AMD Ryzen Embedded R1305G,2980
1033,AMD FX-670K Quad-Core,2980
1034,Intel Core i5-3470T @ 2.90GHz,2979
1035,Intel Xeon E5-2637 @ 3.00GHz,2978
1036,AMD FX-4300 Quad-Core,2977
1037,Intel Core i7-860 @ 2.80GHz,2973
1038,MediaTek MT6779V/CE,2972
1039,Intel Celeron J4125 @ 2.00GHz,2972
1040,AMD A10-5800K APU,2970
1041,Spreadtrum T616,2966
1042,AMD Phenom II X6 1035T,2962
1043,Intel Core i7-4560U @ 1.60GHz,2950
1044,Intel Core i7-940 @ 2.93GHz,2947
1045,QTI SM4450,2946
1046,Intel Core i7-5550U @ 2.00GHz,2946
1047,Hisilicon Kirin810,2945
1048,Intel Core i7-3540M @ 3.00GHz,2943
1049,Intel Core i5-3380M @ 2.90GHz,2942
1050,Intel Core i7-930 @ 2.80GHz,2940
1051,AMD Athlon X4 760K Quad Core,2939
1052,Mediatek MT6769H,2938
1053,Intel Core i3-4150T @ 3.00GHz,2937
1054,Hisilicon Kirin 955,2936
1055,AMD Opteron 2431,2936
1056,Intel Core i3-10100Y @ 1.30GHz,2935
1057,AMD Opteron 6128 HE,2932
1058,Qualcomm SDM450,2931
1059,AMD A10-9630P,2929
1060,Intel Pentium G4560T @ 2.90GHz,2929
1061,Intel Core i5-2500T @ 2.30GHz,2929
1062,Intel Xeon W3520 @ 2.67GHz,2925
1063,Unisoc ums9230H,2924
1064,AMD FX-770K Quad-Core,2915
1065,AMD A8 PRO-7600B APU,2914
1066,Intel Xeon X5492 @ 3.40GHz,2912
1067,Intel Celeron J4105 @ 1.50GHz,2911
1068,Intel Core i5-5257U @ 2.70GHz,2910
1069,HiSilicon Kirin 970,2908
1070,AMD Athlon X4 830,2901
1071,Intel Xeon X5470 @ 3.33GHz,2898
1072,Rockchip RK3399,2897
1073,Intel Core i5-3360M @ 2.80GHz,2884
1074,Intel Core i5-4210M @ 2.60GHz,2880
1075,AMD Athlon Silver 3050C,2879
1076,Intel Core m3-8100Y @ 1.10GHz,2878
1077,Intel Core i3-4130T @ 2.90GHz,2875
1078,Intel Xeon E5-2403 v2 @ 1.80GHz,2873
1079,AMD Opteron 4184,2872
1080,Qualcomm Technologies Inc SM6150,2871
1081,Intel Core i7-3520M @ 2.90GHz,2860
1082,AMD FX-7600P APU,2856
1083,AMD A8-6500B APU,2855
1084,AMD PRO A10-8750B,2849
1085,AMD Phenom II X4 980,2839
1086,MT6768G,2838
1087,Unisoc ums9230T,2835
1088,AMD Athlon X4 750K Quad Core,2834
1089,AMD FX-8800P,2833
1090,Intel Xeon X3450 @ 2.67GHz,2829
1091,Unisoc T610,2827
1092,AMD Opteron 6128,2826
1093,AMD Opteron 3350 HE,2825
1094,T606,2824
1095,Intel Core i5-4278U @ 2.60GHz,2820
1096,Intel Core i5-8210Y @ 1.60GHz,2818
1097,Intel Core i7-920 @ 2.67GHz,2817
1098,AMD A8-5600K APU,2814
1099,Qualcomm SDM660,2811
1100,HiSilicon Kirin 960,2809
1101,QTI SM6115,2803
1102,Intel Core i5-4200M @ 2.50GHz,2801
1103,Qualcomm SM6125,2801
1104,Intel Celeron G5905 @ 3.50GHz,2798
1105,vendor Kirin710,2797
1106,Intel Xeon E5-2609 @ 2.40GHz,2794
1107,AMD A8-6500 APU,2792
1108,Unisoc T612,2792
1109,Intel Core i7-870S @ 2.67GHz,2786
1110,T610S-Unisoc,2781
